Prioridade;Segmento;Produto;Preço;Link;Shopee;Segmento_Original
999;Cafeteira nespresso;Nespresso VertuoPlus;US$100;https://www.facebook.com/marketplace/item/1416536123835711/?ref=search&referral_code=null&referral_story_type=post&tracking=browse_serp%3A1766764e-d307-4529-b349-813521246ef5&__tn__=!%3AD;https://shopee.com.br/search?keyword=Nespresso%20VertuoPlus;Cafeteira nespresso
999;Perfume árabe;Arabic Perfume para Mujer;US$45;https://www.facebook.com/marketplace/item/889795950257576/?ref=search&referral_code=null&referral_story_type=post&tracking=browse_serp%3A172ec94d-57e8-4a33-b80a-8826a0698cdc&__tn__=!%3AD;https://shopee.com.br/search?keyword=Arabic%20Perfume%20para%20Mujer;Perfume árabe
999;Smartwatch amoled;Amazfit smart watch;"US$35
US$60";https://www.facebook.com/marketplace/item/1519756415795864/?ref=search&referral_code=null&referral_story_type=post&tracking=browse_serp%3A40957e6c-c122-49a9-8c1b-751ef7b5e50f&__tn__=!%3AD;https://shopee.com.br/search?keyword=Amazfit%20smart%20watch;Smartwatch amoled
999;Air fryer;Gourmia 1700W 9-Slice Digital Toaster Oven Air Fryer, 12 Cooking Preset, 35L, Stainless Steel;"US$95
US$140";https://www.facebook.com/marketplace/item/1401185691466564/?ref=search&referral_code=null&referral_story_type=post&tracking=browse_serp%3Ab9845548-c428-4280-9e68-1b7a7c0bb2e3&__tn__=!%3AD;https://shopee.com.br/search?keyword=Gourmia%201700W%209-Slice%20Digital%20Toaster%20Oven%20Air%20Fryer,%2012%20Cooking%20Preset,%2035L,%20Stainless%20Steel;Air fryer
999;Monitor 4k;"Dell - S2725QC 27"" IPS LED 4K UHD 120Hz FreeSync Premium Monitor (USB-C, HDMI)";US$250;https://www.facebook.com/marketplace/item/2332198057192311/?ref=search&referral_code=null&referral_story_type=post&tracking=browse_serp%3A764b163f-6bf6-4f8c-ad9f-5e45651790df&__tn__=!%3AD;"https://shopee.com.br/search?keyword=Dell%20-%20S2725QC%2027""%20IPS%20LED%204K%20UHD%20120Hz%20FreeSync%20Premium%20Monitor%20(USB-C,%20HDMI)";Monitor 4k
999;Playstation 5;PlayStation 5 Console (Slim);US$410;https://www.facebook.com/marketplace/item/1608390206840772/?ref=search&referral_code=null&referral_story_type=post&tracking=browse_serp%3A507e14ac-c778-42d7-9483-34ef581f173f&__tn__=!%3AD;https://shopee.com.br/search?keyword=PlayStation%205%20Console%20(Slim);Playstation 5
999;Robô aspirador;Aspirador inalámbrico VersLife 2 en 1 Limpiador, Robot Aspirador Recargable Tipo C Limpiador Inalám;US$90;https://www.facebook.com/marketplace/item/1753088122317941/?ref=search&referral_code=null&referral_story_type=post&tracking=browse_serp%3Ab888cb88-1b60-4d35-9a08-b9d9f1b6f8f6&__tn__=!%3AD;https://shopee.com.br/search?keyword=Aspirador%20inalámbrico%20VersLife%202%20en%201%20Limpiador,%20Robot%20Aspirador%20Recargable%20Tipo%20C%20Limpiador%20Inalám;Robô aspirador
999;Creatina;CREATE Creatine gummies- unopened, 2 packs of 45 pieces each.;US$20;https://www.facebook.com/marketplace/item/1266361538789294/?ref=search&referral_code=null&referral_story_type=post&tracking=browse_serp%3A8317c2e1-50e0-4cf2-8a07-f9a9e5dec437&__tn__=!%3AD;https://shopee.com.br/search?keyword=CREATE%20Creatine%20gummies-%20unopened,%202%20packs%20of%2045%20pieces%20each.;Creatina
999;Skincare;Trio moisturizer skin better;US$80;https://www.facebook.com/marketplace/item/2004412353474894/?ref=search&referral_code=null&referral_story_type=post&tracking=browse_serp%3Affb73c06-1907-423f-8f5e-26b5bc32e064&__tn__=!%3AD;https://shopee.com.br/search?keyword=Trio%20moisturizer%20skin%20better;Skincare
999;Notebook dell;iPhone 13 128GB UNLOCKED;US$225;https://www.facebook.com/marketplace/item/2295255234320614/?ref=search&referral_code=null&referral_story_type=post&tracking=browse_serp%3Ac678ce4c-8b5e-41d8-9bc6-077c10a2aa9e&__tn__=!%3AD;https://shopee.com.br/search?keyword=iPhone%2013%20128GB%20UNLOCKED;Notebook dell
999;Whey protein;Proteın powder;US$50;https://www.facebook.com/marketplace/item/857681993534836/?ref=search&referral_code=null&referral_story_type=post&tracking=browse_serp%3A4e944566-3941-48c0-b254-9cdac29dc612&__tn__=!%3AD;https://shopee.com.br/search?keyword=Proteın%20powder;Whey protein
999;Kit halteres;Harley Davidson Hawg Halter 7 degree Rake Tree Kit 41mm forks 09-13? New in box;US$500;https://www.facebook.com/marketplace/item/737480212132112/?ref=search&referral_code=null&referral_story_type=post&tracking=browse_serp%3A01a79d23-c9a8-4ee5-b0ff-5208db899a07&__tn__=!%3AD;https://shopee.com.br/search?keyword=Harley%20Davidson%20Hawg%20Halter%207%20degree%20Rake%20Tree%20Kit%2041mm%20forks%2009-13?%20New%20in%20box;Kit halteres
999;Iphone 13;iPhone 13 - White excellent condition;US$275;https://www.facebook.com/marketplace/item/3133508893501409/?ref=search&referral_code=null&referral_story_type=post&__tn__=!%3AD;https://shopee.com.br/search?keyword=iPhone%2013%20-%20White%20excellent%20condition;Iphone 13
998;Monitor 4k;LG 35 inch curved ultra wide monitor;US$150;https://www.facebook.com/marketplace/item/1364533778672724/?ref=search&referral_code=null&referral_story_type=post&tracking=browse_serp%3A764b163f-6bf6-4f8c-ad9f-5e45651790df&__tn__=!%3AD;https://shopee.com.br/search?keyword=LG%2035%20inch%20curved%20ultra%20wide%20monitor;Monitor 4k
998;Air fryer;Brand New Air Fryer;US$30;https://www.facebook.com/marketplace/item/858648650208904/?ref=search&referral_code=null&referral_story_type=post&tracking=browse_serp%3Ab9845548-c428-4280-9e68-1b7a7c0bb2e3&__tn__=!%3AD;https://shopee.com.br/search?keyword=Brand%20New%20Air%20Fryer;Air fryer
998;Robô aspirador;Roborock Saros - Robot vacuum cleaner and mop 10R,;"COP1.150
COP1.300";https://www.facebook.com/marketplace/item/830249433337636/?ref=search&referral_code=null&referral_story_type=post&tracking=browse_serp%3Ab888cb88-1b60-4d35-9a08-b9d9f1b6f8f6&__tn__=!%3AD;https://shopee.com.br/search?keyword=Roborock%20Saros%20-%20Robot%20vacuum%20cleaner%20and%20mop%2010R,;Robô aspirador
998;Playstation 5;Sony PlayStation 5 portable handheld;US$115;https://www.facebook.com/marketplace/item/1222206836542144/?ref=search&referral_code=null&referral_story_type=post&tracking=browse_serp%3A507e14ac-c778-42d7-9483-34ef581f173f&__tn__=!%3AD;https://shopee.com.br/search?keyword=Sony%20PlayStation%205%20portable%20handheld;Playstation 5
998;Cafeteira nespresso;Nespresso vertuoline coffee machine and clear glass stand with pod holder;US$75;https://www.facebook.com/marketplace/item/1717977162495773/?ref=search&referral_code=null&referral_story_type=post&tracking=browse_serp%3A1766764e-d307-4529-b349-813521246ef5&__tn__=!%3AD;https://shopee.com.br/search?keyword=Nespresso%20vertuoline%20coffee%20machine%20and%20clear%20glass%20stand%20with%20pod%20holder;Cafeteira nespresso
998;Kit halteres;Bulletproof fitness isolator;US$600;https://www.facebook.com/marketplace/item/2945347135855752/?ref=search&referral_code=null&referral_story_type=post&tracking=browse_serp%3A01a79d23-c9a8-4ee5-b0ff-5208db899a07&__tn__=!%3AD;https://shopee.com.br/search?keyword=Bulletproof%20fitness%20isolator;Kit halteres
998;Creatina;Cymbiotika Creatine Supplement;US$45;https://www.facebook.com/marketplace/item/1476725194018711/?ref=search&referral_code=null&referral_story_type=post&tracking=browse_serp%3A8317c2e1-50e0-4cf2-8a07-f9a9e5dec437&__tn__=!%3AD;https://shopee.com.br/search?keyword=Cymbiotika%20Creatine%20Supplement;Creatina
998;Whey protein;Nutricost whey protein;US$50;https://www.facebook.com/marketplace/item/2062264414549485/?ref=search&referral_code=null&referral_story_type=post&tracking=browse_serp%3A4e944566-3941-48c0-b254-9cdac29dc612&__tn__=!%3AD;https://shopee.com.br/search?keyword=Nutricost%20whey%20protein;Whey protein
998;Smartwatch amoled;X90 Ultra 2 Smart Watch (49mm) – Brand New Sealed;US$35;https://www.facebook.com/marketplace/item/695640143486947/?ref=search&referral_code=null&referral_story_type=post&tracking=browse_serp%3A40957e6c-c122-49a9-8c1b-751ef7b5e50f&__tn__=!%3AD;https://shopee.com.br/search?keyword=X90%20Ultra%202%20Smart%20Watch%20(49mm)%20–%20Brand%20New%20Sealed;Smartwatch amoled
998;Perfume árabe;La Bomba Perfume SEALED;US$75;https://www.facebook.com/marketplace/item/1710490963258506/?ref=search&referral_code=null&referral_story_type=post&tracking=browse_serp%3A172ec94d-57e8-4a33-b80a-8826a0698cdc&__tn__=!%3AD;https://shopee.com.br/search?keyword=La%20Bomba%20Perfume%20SEALED;Perfume árabe
998;Iphone 13;Apple iPhone 13 Pro Max 128 GB in Sierra Blue for Unlocked TX26-MS;US$102;https://www.facebook.com/marketplace/item/773697418511223/?ref=search&referral_code=null&referral_story_type=post&__tn__=!%3AD;https://shopee.com.br/search?keyword=Apple%20iPhone%2013%20Pro%20Max%20128%20GB%20in%20Sierra%20Blue%20for%20Unlocked%20TX26-MS;Iphone 13
998;Skincare;$10 each high-end skincare items;US$10;https://www.facebook.com/marketplace/item/1119961230205245/?ref=search&referral_code=null&referral_story_type=post&tracking=browse_serp%3Affb73c06-1907-423f-8f5e-26b5bc32e064&__tn__=!%3AD;https://shopee.com.br/search?keyword=$10%20each%20high-end%20skincare%20items;Skincare
998;Notebook dell;Apple Iphone 13 256GB Unlocked/ Desbloqueado;US$295;https://www.facebook.com/marketplace/item/1665262011523339/?ref=search&referral_code=null&referral_story_type=post&tracking=browse_serp%3Ac678ce4c-8b5e-41d8-9bc6-077c10a2aa9e&__tn__=!%3AD;https://shopee.com.br/search?keyword=Apple%20Iphone%2013%20256GB%20Unlocked/%20Desbloqueado;Notebook dell
997;Kit halteres;Greenwood, CA;US$5;https://www.facebook.com/marketplace/item/836188206073608/?ref=search&referral_code=null&referral_story_type=post&tracking=browse_serp%3A01a79d23-c9a8-4ee5-b0ff-5208db899a07&__tn__=!%3AD;https://shopee.com.br/search?keyword=Greenwood,%20CA;Kit halteres
997;Notebook dell;iPhone 13 Unlocked 128GB;US$200;https://www.facebook.com/marketplace/item/732542629679100/?ref=search&referral_code=null&referral_story_type=post&tracking=browse_serp%3Ac678ce4c-8b5e-41d8-9bc6-077c10a2aa9e&__tn__=!%3AD;https://shopee.com.br/search?keyword=iPhone%2013%20Unlocked%20128GB;Notebook dell
997;Iphone 13;Apple IPhone 13 Pro Max 1Tb;US$400;https://www.facebook.com/marketplace/item/1555801658981487/?ref=search&referral_code=null&referral_story_type=post&__tn__=!%3AD;https://shopee.com.br/search?keyword=Apple%20IPhone%2013%20Pro%20Max%201Tb;Iphone 13
997;Cafeteira nespresso;☕ Nespresso VertuoLine Coffee & Espresso Machine – Red;"US$40
US$80";https://www.facebook.com/marketplace/item/2429963924123371/?ref=search&referral_code=null&referral_story_type=post&tracking=browse_serp%3A1766764e-d307-4529-b349-813521246ef5&__tn__=!%3AD;https://shopee.com.br/search?keyword=☕%20Nespresso%20VertuoLine%20Coffee%20&%20Espresso%20Machine%20–%20Red;Cafeteira nespresso
997;Creatina;PLATINUM 100% CREATINE;US$150;https://www.facebook.com/marketplace/item/1533695874708854/?ref=search&referral_code=null&referral_story_type=post&tracking=browse_serp%3A8317c2e1-50e0-4cf2-8a07-f9a9e5dec437&__tn__=!%3AD;https://shopee.com.br/search?keyword=PLATINUM%20100%%20CREATINE;Creatina
997;Whey protein;Men’s Whey Protein Powder, Chocolate, Grass Fed BB 09/27;US$35;https://www.facebook.com/marketplace/item/1401207401409435/?ref=search&referral_code=null&referral_story_type=post&tracking=browse_serp%3A4e944566-3941-48c0-b254-9cdac29dc612&__tn__=!%3AD;https://shopee.com.br/search?keyword=Men’s%20Whey%20Protein%20Powder,%20Chocolate,%20Grass%20Fed%20BB%2009/27;Whey protein
997;Perfume árabe;New set mini perfumes;US$15;https://www.facebook.com/marketplace/item/1934715527115348/?ref=search&referral_code=null&referral_story_type=post&tracking=browse_serp%3A172ec94d-57e8-4a33-b80a-8826a0698cdc&__tn__=!%3AD;https://shopee.com.br/search?keyword=New%20set%20mini%20perfumes;Perfume árabe
997;Skincare;Larocheposay skincare set;US$15;https://www.facebook.com/marketplace/item/832626409761885/?ref=search&referral_code=null&referral_story_type=post&tracking=browse_serp%3Affb73c06-1907-423f-8f5e-26b5bc32e064&__tn__=!%3AD;https://shopee.com.br/search?keyword=Larocheposay%20skincare%20set;Skincare
997;Air fryer;Ninja 4 quart air fryer;US$30;https://www.facebook.com/marketplace/item/1107625931331529/?ref=search&referral_code=null&referral_story_type=post&tracking=browse_serp%3Ab9845548-c428-4280-9e68-1b7a7c0bb2e3&__tn__=!%3AD;https://shopee.com.br/search?keyword=Ninja%204%20quart%20air%20fryer;Air fryer
997;Robô aspirador;Robot aspirador;US$450;https://www.facebook.com/marketplace/item/837271365469341/?ref=search&referral_code=null&referral_story_type=post&tracking=browse_serp%3Ab888cb88-1b60-4d35-9a08-b9d9f1b6f8f6&__tn__=!%3AD;https://shopee.com.br/search?keyword=Robot%20aspirador;Robô aspirador
997;Playstation 5;Playstation 5;US$120;https://www.facebook.com/marketplace/item/3255270031307578/?ref=search&referral_code=null&referral_story_type=post&tracking=browse_serp%3A507e14ac-c778-42d7-9483-34ef581f173f&__tn__=!%3AD;https://shopee.com.br/search?keyword=Playstation%205;Playstation 5
997;Monitor 4k;LG 34 inch ultrawide monitor 34WK650/34BK650 with free monitor arm;US$150;https://www.facebook.com/marketplace/item/1384387003706698/?ref=search&referral_code=null&referral_story_type=post&tracking=browse_serp%3A764b163f-6bf6-4f8c-ad9f-5e45651790df&__tn__=!%3AD;https://shopee.com.br/search?keyword=LG%2034%20inch%20ultrawide%20monitor%2034WK650/34BK650%20with%20free%20monitor%20arm;Monitor 4k
997;Smartwatch amoled;Galaxy Watch 4;US$50;https://www.facebook.com/marketplace/item/3534476100037633/?ref=search&referral_code=null&referral_story_type=post&tracking=browse_serp%3A40957e6c-c122-49a9-8c1b-751ef7b5e50f&__tn__=!%3AD;https://shopee.com.br/search?keyword=Galaxy%20Watch%204;Smartwatch amoled
996;Kit halteres;Halters/bridle;US$10;https://www.facebook.com/marketplace/item/1543661983413059/?ref=search&referral_code=null&referral_story_type=post&tracking=browse_serp%3A01a79d23-c9a8-4ee5-b0ff-5208db899a07&__tn__=!%3AD;https://shopee.com.br/search?keyword=Halters/bridle;Kit halteres
996;Cafeteira nespresso;Nespresso machine;US$60;https://www.facebook.com/marketplace/item/2304870020000017/?ref=search&referral_code=null&referral_story_type=post&tracking=browse_serp%3A1766764e-d307-4529-b349-813521246ef5&__tn__=!%3AD;https://shopee.com.br/search?keyword=Nespresso%20machine;Cafeteira nespresso
996;Smartwatch amoled;Galaxy watch 6 classic 47mm;US$120;https://www.facebook.com/marketplace/item/1226891669572857/?ref=search&referral_code=null&referral_story_type=post&tracking=browse_serp%3A40957e6c-c122-49a9-8c1b-751ef7b5e50f&__tn__=!%3AD;https://shopee.com.br/search?keyword=Galaxy%20watch%206%20classic%2047mm;Smartwatch amoled
996;Monitor 4k;LG 35WN65C-B Curved Ultrawide 35” Monitor;US$125;https://www.facebook.com/marketplace/item/925450519858539/?ref=search&referral_code=null&referral_story_type=post&tracking=browse_serp%3A764b163f-6bf6-4f8c-ad9f-5e45651790df&__tn__=!%3AD;https://shopee.com.br/search?keyword=LG%2035WN65C-B%20Curved%20Ultrawide%2035”%20Monitor;Monitor 4k
996;Skincare;skincare products;US$20;https://www.facebook.com/marketplace/item/1199266165729937/?ref=search&referral_code=null&referral_story_type=post&tracking=browse_serp%3Affb73c06-1907-423f-8f5e-26b5bc32e064&__tn__=!%3AD;https://shopee.com.br/search?keyword=skincare%20products;Skincare
996;Robô aspirador;Robot aspirador y trapeador inteligente;"COP1.100
US$1.300";https://www.facebook.com/marketplace/item/2050454789065498/?ref=search&referral_code=null&referral_story_type=post&tracking=browse_serp%3Ab888cb88-1b60-4d35-9a08-b9d9f1b6f8f6&__tn__=!%3AD;https://shopee.com.br/search?keyword=Robot%20aspirador%20y%20trapeador%20inteligente;Robô aspirador
996;Playstation 5;PlayStation 5 Slim Digital Edition;"US$300
US$380";https://www.facebook.com/marketplace/item/738982169185640/?ref=search&referral_code=null&referral_story_type=post&tracking=browse_serp%3A507e14ac-c778-42d7-9483-34ef581f173f&__tn__=!%3AD;https://shopee.com.br/search?keyword=PlayStation%205%20Slim%20Digital%20Edition;Playstation 5
996;Air fryer;Cosori Smart Oven and Air Fryer;"US$40
US$75";https://www.facebook.com/marketplace/item/1167139411890736/?ref=search&referral_code=null&referral_story_type=post&tracking=browse_serp%3Ab9845548-c428-4280-9e68-1b7a7c0bb2e3&__tn__=!%3AD;https://shopee.com.br/search?keyword=Cosori%20Smart%20Oven%20and%20Air%20Fryer;Air fryer
996;Whey protein;Optimum Nutrition, Gold Standard 100% Whey Protein Powder, Extreme Milk Chocolate, 5 lb, 71 Serving;US$42;https://www.facebook.com/marketplace/item/1418118735956080/?ref=search&referral_code=null&referral_story_type=post&tracking=browse_serp%3A4e944566-3941-48c0-b254-9cdac29dc612&__tn__=!%3AD;https://shopee.com.br/search?keyword=Optimum%20Nutrition,%20Gold%20Standard%20100%%20Whey%20Protein%20Powder,%20Extreme%20Milk%20Chocolate,%205%20lb,%2071%20Serving;Whey protein
996;Iphone 13;iPhone 13 Pro – 512GB – Unlocked – Great Condition;US$400;https://www.facebook.com/marketplace/item/1643102443511859/?ref=search&referral_code=null&referral_story_type=post&__tn__=!%3AD;https://shopee.com.br/search?keyword=iPhone%2013%20Pro%20–%20512GB%20–%20Unlocked%20–%20Great%20Condition;Iphone 13
996;Creatina;Lathrop, CA;US$35;https://www.facebook.com/marketplace/item/859581636886317/?ref=search&referral_code=null&referral_story_type=post&tracking=browse_serp%3A8317c2e1-50e0-4cf2-8a07-f9a9e5dec437&__tn__=!%3AD;https://shopee.com.br/search?keyword=Lathrop,%20CA;Creatina
996;Perfume árabe;Parfum De Marley Parfum Women;US$120;https://www.facebook.com/marketplace/item/1558472855483595/?ref=search&referral_code=null&referral_story_type=post&tracking=browse_serp%3A172ec94d-57e8-4a33-b80a-8826a0698cdc&__tn__=!%3AD;https://shopee.com.br/search?keyword=Parfum%20De%20Marley%20Parfum%20Women;Perfume árabe
996;Notebook dell;iPhone 16e 512G unlocked to all;"US$385
US$450";https://www.facebook.com/marketplace/item/1266653145507785/?ref=search&referral_code=null&referral_story_type=post&tracking=browse_serp%3Ac678ce4c-8b5e-41d8-9bc6-077c10a2aa9e&__tn__=!%3AD;https://shopee.com.br/search?keyword=iPhone%2016e%20512G%20unlocked%20to%20all;Notebook dell
995;Whey protein;Optimum Nutrition, Gold Standard 100% Whey Protein Powder, Extreme Milk Chocolate, 5 lb, 71 Serving;US$42;https://www.facebook.com/marketplace/item/1326275645833838/?ref=search&referral_code=null&referral_story_type=post&tracking=browse_serp%3A4e944566-3941-48c0-b254-9cdac29dc612&__tn__=!%3AD;https://shopee.com.br/search?keyword=Optimum%20Nutrition,%20Gold%20Standard%20100%%20Whey%20Protein%20Powder,%20Extreme%20Milk%20Chocolate,%205%20lb,%2071%20Serving;Whey protein
995;Kit halteres;Arroyo Grande, CA;US$5;https://www.facebook.com/marketplace/item/4246739448987634/?ref=search&referral_code=null&referral_story_type=post&tracking=browse_serp%3A01a79d23-c9a8-4ee5-b0ff-5208db899a07&__tn__=!%3AD;https://shopee.com.br/search?keyword=Arroyo%20Grande,%20CA;Kit halteres
995;Cafeteira nespresso;Nespresso DeLonghi;"US$80
US$160";https://www.facebook.com/marketplace/item/1555283315499989/?ref=search&referral_code=null&referral_story_type=post&tracking=browse_serp%3A1766764e-d307-4529-b349-813521246ef5&__tn__=!%3AD;https://shopee.com.br/search?keyword=Nespresso%20DeLonghi;Cafeteira nespresso
995;Air fryer;Ninja Air fryer pro;US$80;https://www.facebook.com/marketplace/item/1196122382730089/?ref=search&referral_code=null&referral_story_type=post&tracking=browse_serp%3Ab9845548-c428-4280-9e68-1b7a7c0bb2e3&__tn__=!%3AD;https://shopee.com.br/search?keyword=Ninja%20Air%20fryer%20pro;Air fryer
995;Robô aspirador;Aspirateur Dorsal Numatic;"US$300
US$500";https://www.facebook.com/marketplace/item/4312505589071269/?ref=search&referral_code=null&referral_story_type=post&tracking=browse_serp%3Ab888cb88-1b60-4d35-9a08-b9d9f1b6f8f6&__tn__=!%3AD;https://shopee.com.br/search?keyword=Aspirateur%20Dorsal%20Numatic;Robô aspirador
995;Playstation 5;PlayStation 5 with Extra Controller, Modern Warfare 2 installed, FC 24, College Football 25;"US$380
US$650";https://www.facebook.com/marketplace/item/1504504427661390/?ref=search&referral_code=null&referral_story_type=post&tracking=browse_serp%3A507e14ac-c778-42d7-9483-34ef581f173f&__tn__=!%3AD;https://shopee.com.br/search?keyword=PlayStation%205%20with%20Extra%20Controller,%20Modern%20Warfare%202%20installed,%20FC%2024,%20College%20Football%2025;Playstation 5
995;Smartwatch amoled;New Smart watch;US$15;https://www.facebook.com/marketplace/item/738398976010760/?ref=search&referral_code=null&referral_story_type=post&tracking=browse_serp%3A40957e6c-c122-49a9-8c1b-751ef7b5e50f&__tn__=!%3AD;https://shopee.com.br/search?keyword=New%20Smart%20watch;Smartwatch amoled
995;Perfume árabe;Fragancias de Jafra;US$30;https://www.facebook.com/marketplace/item/1966908580837221/?ref=search&referral_code=null&referral_story_type=post&tracking=browse_serp%3A172ec94d-57e8-4a33-b80a-8826a0698cdc&__tn__=!%3AD;https://shopee.com.br/search?keyword=Fragancias%20de%20Jafra;Perfume árabe
995;Creatina;Creatine Mundo Azul;US$110;https://www.facebook.com/marketplace/item/4236297733250150/?ref=search&referral_code=null&referral_story_type=post&tracking=browse_serp%3A8317c2e1-50e0-4cf2-8a07-f9a9e5dec437&__tn__=!%3AD;https://shopee.com.br/search?keyword=Creatine%20Mundo%20Azul;Creatina
995;Monitor 4k;Samsung Odyssey G9 Ultrawide Monitor;US$500;https://www.facebook.com/marketplace/item/1191680769817120/?ref=search&referral_code=null&referral_story_type=post&tracking=browse_serp%3A764b163f-6bf6-4f8c-ad9f-5e45651790df&__tn__=!%3AD;https://shopee.com.br/search?keyword=Samsung%20Odyssey%20G9%20Ultrawide%20Monitor;Monitor 4k
995;Skincare;Walnut Creek, CA;US$10;https://www.facebook.com/marketplace/item/1591005088584710/?ref=search&referral_code=null&referral_story_type=post&tracking=browse_serp%3Affb73c06-1907-423f-8f5e-26b5bc32e064&__tn__=!%3AD;https://shopee.com.br/search?keyword=Walnut%20Creek,%20CA;Skincare
995;Notebook dell;iPhone 13 98% battery unlocked;US$299;https://www.facebook.com/marketplace/item/1816469772388296/?ref=search&referral_code=null&referral_story_type=post&tracking=browse_serp%3Ac678ce4c-8b5e-41d8-9bc6-077c10a2aa9e&__tn__=!%3AD;https://shopee.com.br/search?keyword=iPhone%2013%2098%%20battery%20unlocked;Notebook dell
995;Iphone 13;iPhone 13 Unlocked 128GB;US$200;https://www.facebook.com/marketplace/item/732542629679100/?ref=search&referral_code=null&referral_story_type=post&__tn__=!%3AD;https://shopee.com.br/search?keyword=iPhone%2013%20Unlocked%20128GB;Iphone 13
994;Air fryer;San Mateo, CA;"US$5
US$10";https://www.facebook.com/marketplace/item/2572388373154519/?ref=search&referral_code=null&referral_story_type=post&tracking=browse_serp%3Ab9845548-c428-4280-9e68-1b7a7c0bb2e3&__tn__=!%3AD;https://shopee.com.br/search?keyword=San%20Mateo,%20CA;Air fryer
994;Perfume árabe;Perfumes para hombre y mujer;US$100;https://www.facebook.com/marketplace/item/26576962718555270/?ref=search&referral_code=null&referral_story_type=post&tracking=browse_serp%3A172ec94d-57e8-4a33-b80a-8826a0698cdc&__tn__=!%3AD;https://shopee.com.br/search?keyword=Perfumes%20para%20hombre%20y%20mujer;Perfume árabe
994;Cafeteira nespresso;Nespresso VertuoPlus Coffee Machine;US$60;https://www.facebook.com/marketplace/item/831806683238575/?ref=search&referral_code=null&referral_story_type=post&tracking=browse_serp%3A1766764e-d307-4529-b349-813521246ef5&__tn__=!%3AD;https://shopee.com.br/search?keyword=Nespresso%20VertuoPlus%20Coffee%20Machine;Cafeteira nespresso
994;Kit halteres;Citrus Heights, CA;US$40;https://www.facebook.com/marketplace/item/2175369876204998/?ref=search&referral_code=null&referral_story_type=post&tracking=browse_serp%3A01a79d23-c9a8-4ee5-b0ff-5208db899a07&__tn__=!%3AD;https://shopee.com.br/search?keyword=Citrus%20Heights,%20CA;Kit halteres
994;Whey protein;Protein Powder;US$10;https://www.facebook.com/marketplace/item/2374466929668134/?ref=search&referral_code=null&referral_story_type=post&tracking=browse_serp%3A4e944566-3941-48c0-b254-9cdac29dc612&__tn__=!%3AD;https://shopee.com.br/search?keyword=Protein%20Powder;Whey protein
994;Robô aspirador;Aspirador de cama;US$45;https://www.facebook.com/marketplace/item/1173717034216196/?ref=search&referral_code=null&referral_story_type=post&tracking=browse_serp%3Ab888cb88-1b60-4d35-9a08-b9d9f1b6f8f6&__tn__=!%3AD;https://shopee.com.br/search?keyword=Aspirador%20de%20cama;Robô aspirador
994;Iphone 13;Hayward, CA;US$300;https://www.facebook.com/marketplace/item/883370767897773/?ref=search&referral_code=null&referral_story_type=post&__tn__=!%3AD;https://shopee.com.br/search?keyword=Hayward,%20CA;Iphone 13
994;Notebook dell;iPhone 13 – 128GB – Unlocked – Clean – Original Screen;"US$275
US$300";https://www.facebook.com/marketplace/item/25164240813255721/?ref=search&referral_code=null&referral_story_type=post&tracking=browse_serp%3Ac678ce4c-8b5e-41d8-9bc6-077c10a2aa9e&__tn__=!%3AD;https://shopee.com.br/search?keyword=iPhone%2013%20–%20128GB%20–%20Unlocked%20–%20Clean%20–%20Original%20Screen;Notebook dell
994;Skincare;Skincare travel set;US$40;https://www.facebook.com/marketplace/item/757590860269411/?ref=search&referral_code=null&referral_story_type=post&tracking=browse_serp%3Affb73c06-1907-423f-8f5e-26b5bc32e064&__tn__=!%3AD;https://shopee.com.br/search?keyword=Skincare%20travel%20set;Skincare
994;Creatina;1st phorm micronized creatine momohydrate;US$50;https://www.facebook.com/marketplace/item/25121996864163034/?ref=search&referral_code=null&referral_story_type=post&tracking=browse_serp%3A8317c2e1-50e0-4cf2-8a07-f9a9e5dec437&__tn__=!%3AD;https://shopee.com.br/search?keyword=1st%20phorm%20micronized%20creatine%20momohydrate;Creatina
994;Playstation 5;PlayStation 5 (PS5) Console + Controller – Excellent Condition;"US$300
US$380";https://www.facebook.com/marketplace/item/835199816050449/?ref=search&referral_code=null&referral_story_type=post&tracking=browse_serp%3A507e14ac-c778-42d7-9483-34ef581f173f&__tn__=!%3AD;https://shopee.com.br/search?keyword=PlayStation%205%20(PS5)%20Console%20+%20Controller%20–%20Excellent%20Condition;Playstation 5
994;Smartwatch amoled;Salinas, CA;US$25;https://www.facebook.com/marketplace/item/1271387434880831/?ref=search&referral_code=null&referral_story_type=post&tracking=browse_serp%3A40957e6c-c122-49a9-8c1b-751ef7b5e50f&__tn__=!%3AD;https://shopee.com.br/search?keyword=Salinas,%20CA;Smartwatch amoled
994;Monitor 4k;Dell 34 inch curved monitor;US$100;https://www.facebook.com/marketplace/item/879191738228896/?ref=search&referral_code=null&referral_story_type=post&tracking=browse_serp%3A764b163f-6bf6-4f8c-ad9f-5e45651790df&__tn__=!%3AD;https://shopee.com.br/search?keyword=Dell%2034%20inch%20curved%20monitor;Monitor 4k
993;Whey protein;Protein powder;US$20;https://www.facebook.com/marketplace/item/823679327397144/?ref=search&referral_code=null&referral_story_type=post&tracking=browse_serp%3A4e944566-3941-48c0-b254-9cdac29dc612&__tn__=!%3AD;https://shopee.com.br/search?keyword=Protein%20powder;Whey protein
993;Robô aspirador;eufy Aspiradora Robot 11S MAX, Superdelgada, Fuerte Succión, Silenciosa, Aspiradora;"US$95
US$120";https://www.facebook.com/marketplace/item/1376453834262526/?ref=search&referral_code=null&referral_story_type=post&tracking=browse_serp%3Ab888cb88-1b60-4d35-9a08-b9d9f1b6f8f6&__tn__=!%3AD;https://shopee.com.br/search?keyword=eufy%20Aspiradora%20Robot%2011S%20MAX,%20Superdelgada,%20Fuerte%20Succión,%20Silenciosa,%20Aspiradora;Robô aspirador
993;Cafeteira nespresso;Nespresso Vertuo Pop+;US$45;https://www.facebook.com/marketplace/item/1267699005414290/?ref=search&referral_code=null&referral_story_type=post&tracking=browse_serp%3A1766764e-d307-4529-b349-813521246ef5&__tn__=!%3AD;https://shopee.com.br/search?keyword=Nespresso%20Vertuo%20Pop+;Cafeteira nespresso
993;Kit halteres;Appareil musculation abdominaux /Abs toner;"US$15
US$20";https://www.facebook.com/marketplace/item/881754174240761/?ref=search&referral_code=null&referral_story_type=post&tracking=browse_serp%3A01a79d23-c9a8-4ee5-b0ff-5208db899a07&__tn__=!%3AD;https://shopee.com.br/search?keyword=Appareil%20musculation%20abdominaux%20/Abs%20toner;Kit halteres
993;Perfume árabe;Tracy, CA;US$25;https://www.facebook.com/marketplace/item/1399230357853656/?ref=search&referral_code=null&referral_story_type=post&tracking=browse_serp%3A172ec94d-57e8-4a33-b80a-8826a0698cdc&__tn__=!%3AD;https://shopee.com.br/search?keyword=Tracy,%20CA;Perfume árabe
993;Creatina;Arrae Tone creatine gummies;US$40;https://www.facebook.com/marketplace/item/2669880626704422/?ref=search&referral_code=null&referral_story_type=post&tracking=browse_serp%3A8317c2e1-50e0-4cf2-8a07-f9a9e5dec437&__tn__=!%3AD;https://shopee.com.br/search?keyword=Arrae%20Tone%20creatine%20gummies;Creatina
993;Notebook dell;iPhone 13 128gb unlocked white;US$299;https://www.facebook.com/marketplace/item/1414751530032916/?ref=search&referral_code=null&referral_story_type=post&tracking=browse_serp%3Ac678ce4c-8b5e-41d8-9bc6-077c10a2aa9e&__tn__=!%3AD;https://shopee.com.br/search?keyword=iPhone%2013%20128gb%20unlocked%20white;Notebook dell
993;Playstation 5;NEW PlayStation 5 Digital Edition;US$380;https://www.facebook.com/marketplace/item/892343913498179/?ref=search&referral_code=null&referral_story_type=post&tracking=browse_serp%3A507e14ac-c778-42d7-9483-34ef581f173f&__tn__=!%3AD;https://shopee.com.br/search?keyword=NEW%20PlayStation%205%20Digital%20Edition;Playstation 5
993;Iphone 13;iPhone 13 Mini 128GB | Unlocked | No Scratches | Battery@80%;US$280;https://www.facebook.com/marketplace/item/1567130627892707/?ref=search&referral_code=null&referral_story_type=post&__tn__=!%3AD;https://shopee.com.br/search?keyword=iPhone%2013%20Mini%20128GB%20|%20Unlocked%20|%20No%20Scratches%20|%20Battery@80%;Iphone 13
993;Skincare;Kiehl's Brightening Skincare Bundle 3 pc Set;"US$50
US$62";https://www.facebook.com/marketplace/item/2083860562451035/?ref=search&referral_code=null&referral_story_type=post&tracking=browse_serp%3Affb73c06-1907-423f-8f5e-26b5bc32e064&__tn__=!%3AD;https://shopee.com.br/search?keyword=Kiehl's%20Brightening%20Skincare%20Bundle%203%20pc%20Set;Skincare
993;Smartwatch amoled;Samsung galaxy watch 6 smart watch;US$150;https://www.facebook.com/marketplace/item/918262390749247/?ref=search&referral_code=null&referral_story_type=post&tracking=browse_serp%3A40957e6c-c122-49a9-8c1b-751ef7b5e50f&__tn__=!%3AD;https://shopee.com.br/search?keyword=Samsung%20galaxy%20watch%206%20smart%20watch;Smartwatch amoled
993;Monitor 4k;Alienware AW3423DWF Curved QD-OLED Monitor;US$450;https://www.facebook.com/marketplace/item/2178209592941703/?ref=search&referral_code=null&referral_story_type=post&tracking=browse_serp%3A764b163f-6bf6-4f8c-ad9f-5e45651790df&__tn__=!%3AD;https://shopee.com.br/search?keyword=Alienware%20AW3423DWF%20Curved%20QD-OLED%20Monitor;Monitor 4k
993;Air fryer;Cosori Dual Blaze Air Fryer - 6.8qt - No Shaking Required!;US$70;https://www.facebook.com/marketplace/item/894989759737509/?ref=search&referral_code=null&referral_story_type=post&tracking=browse_serp%3Ab9845548-c428-4280-9e68-1b7a7c0bb2e3&__tn__=!%3AD;https://shopee.com.br/search?keyword=Cosori%20Dual%20Blaze%20Air%20Fryer%20-%206.8qt%20-%20No%20Shaking%20Required!;Air fryer
992;Air fryer;Air Fryer (Instant Vortex Plus);"US$30
US$40";https://www.facebook.com/marketplace/item/760720209982888/?ref=search&referral_code=null&referral_story_type=post&tracking=browse_serp%3Ab9845548-c428-4280-9e68-1b7a7c0bb2e3&__tn__=!%3AD;https://shopee.com.br/search?keyword=Air%20Fryer%20(Instant%20Vortex%20Plus);Air fryer
992;Skincare;Bio-Oil Skincare Body Oil Serum;US$20;https://www.facebook.com/marketplace/item/909314618279718/?ref=search&referral_code=null&referral_story_type=post&tracking=browse_serp%3Affb73c06-1907-423f-8f5e-26b5bc32e064&__tn__=!%3AD;https://shopee.com.br/search?keyword=Bio-Oil%20Skincare%20Body%20Oil%20Serum;Skincare
992;Cafeteira nespresso;New Breville Nespresso Vertuo Creatista Nespresso Coffee Machine;US$450;https://www.facebook.com/marketplace/item/853914707639690/?ref=search&referral_code=null&referral_story_type=post&tracking=browse_serp%3A1766764e-d307-4529-b349-813521246ef5&__tn__=!%3AD;https://shopee.com.br/search?keyword=New%20Breville%20Nespresso%20Vertuo%20Creatista%20Nespresso%20Coffee%20Machine;Cafeteira nespresso
992;Kit halteres;Pdm Haltane;US$300;https://www.facebook.com/marketplace/item/4249785771965305/?ref=search&referral_code=null&referral_story_type=post&tracking=browse_serp%3A01a79d23-c9a8-4ee5-b0ff-5208db899a07&__tn__=!%3AD;https://shopee.com.br/search?keyword=Pdm%20Haltane;Kit halteres
992;Monitor 4k;"Samsung Odyssey G9 49""";"US$600
US$800";https://www.facebook.com/marketplace/item/2067888357392158/?ref=search&referral_code=null&referral_story_type=post&tracking=browse_serp%3A764b163f-6bf6-4f8c-ad9f-5e45651790df&__tn__=!%3AD;"https://shopee.com.br/search?keyword=Samsung%20Odyssey%20G9%2049""";Monitor 4k
992;Notebook dell;Santa Cruz, CA;US$300;https://www.facebook.com/marketplace/item/922095410477942/?ref=search&referral_code=null&referral_story_type=post&tracking=browse_serp%3Ac678ce4c-8b5e-41d8-9bc6-077c10a2aa9e&__tn__=!%3AD;https://shopee.com.br/search?keyword=Santa%20Cruz,%20CA;Notebook dell
992;Smartwatch amoled;Smartwatches;US$25;https://www.facebook.com/marketplace/item/1582336842687004/?ref=search&referral_code=null&referral_story_type=post&tracking=browse_serp%3A40957e6c-c122-49a9-8c1b-751ef7b5e50f&__tn__=!%3AD;https://shopee.com.br/search?keyword=Smartwatches;Smartwatch amoled
992;Playstation 5;PlayStation 5 Slim Disc Version. New Unopened.;"US$380
US$400";https://www.facebook.com/marketplace/item/928354629632344/?ref=search&referral_code=null&referral_story_type=post&tracking=browse_serp%3A507e14ac-c778-42d7-9483-34ef581f173f&__tn__=!%3AD;https://shopee.com.br/search?keyword=PlayStation%205%20Slim%20Disc%20Version.%20New%20Unopened.;Playstation 5
992;Creatina;Momentous Creatine;US$20;https://www.facebook.com/marketplace/item/2346519272487112/?ref=search&referral_code=null&referral_story_type=post&tracking=browse_serp%3A8317c2e1-50e0-4cf2-8a07-f9a9e5dec437&__tn__=!%3AD;https://shopee.com.br/search?keyword=Momentous%20Creatine;Creatina
992;Whey protein;ISO100 Hydrolyzed protein powder 5 lbs/Gourmet chocolate;US$100;https://www.facebook.com/marketplace/item/776227208769322/?ref=search&referral_code=null&referral_story_type=post&tracking=browse_serp%3A4e944566-3941-48c0-b254-9cdac29dc612&__tn__=!%3AD;https://shopee.com.br/search?keyword=ISO100%20Hydrolyzed%20protein%20powder%205%20lbs/Gourmet%20chocolate;Whey protein
992;Perfume árabe;Castro Valley, CA;US$110;https://www.facebook.com/marketplace/item/1060757716226376/?ref=search&referral_code=null&referral_story_type=post&tracking=browse_serp%3A172ec94d-57e8-4a33-b80a-8826a0698cdc&__tn__=!%3AD;https://shopee.com.br/search?keyword=Castro%20Valley,%20CA;Perfume árabe
992;Iphone 13;iPhone 13 128GB Verizon;US$250;https://www.facebook.com/marketplace/item/4398121023806660/?ref=search&referral_code=null&referral_story_type=post&__tn__=!%3AD;https://shopee.com.br/search?keyword=iPhone%2013%20128GB%20Verizon;Iphone 13
991;Playstation 5;Sony Playstation 5 Disc Version brand new;US$400;https://www.facebook.com/marketplace/item/1564376481161254/?ref=search&referral_code=null&referral_story_type=post&tracking=browse_serp%3A507e14ac-c778-42d7-9483-34ef581f173f&__tn__=!%3AD;https://shopee.com.br/search?keyword=Sony%20Playstation%205%20Disc%20Version%20brand%20new;Playstation 5
991;Iphone 13;Iphone 13pro max 256GB unlock;US$465;https://www.facebook.com/marketplace/item/859605563745991/?ref=search&referral_code=null&referral_story_type=post&__tn__=!%3AD;https://shopee.com.br/search?keyword=Iphone%2013pro%20max%20256GB%20unlock;Iphone 13
991;Perfume árabe;Parfumes De Maily Althair;US$150;https://www.facebook.com/marketplace/item/1366647228840722/?ref=search&referral_code=null&referral_story_type=post&tracking=browse_serp%3A172ec94d-57e8-4a33-b80a-8826a0698cdc&__tn__=!%3AD;https://shopee.com.br/search?keyword=Parfumes%20De%20Maily%20Althair;Perfume árabe
991;Skincare;Innisfree Skincare X My Melody Green Tea Seed Hyaluronic Acid Serum;US$35;https://www.facebook.com/marketplace/item/1600588367634250/?ref=search&referral_code=null&referral_story_type=post&tracking=browse_serp%3Affb73c06-1907-423f-8f5e-26b5bc32e064&__tn__=!%3AD;https://shopee.com.br/search?keyword=Innisfree%20Skincare%20X%20My%20Melody%20Green%20Tea%20Seed%20Hyaluronic%20Acid%20Serum;Skincare
991;Cafeteira nespresso;Nespresso Vertuo Pop;"US$60
US$80";https://www.facebook.com/marketplace/item/870632652580854/?ref=search&referral_code=null&referral_story_type=post&tracking=browse_serp%3A1766764e-d307-4529-b349-813521246ef5&__tn__=!%3AD;https://shopee.com.br/search?keyword=Nespresso%20Vertuo%20Pop;Cafeteira nespresso
991;Kit halteres;Rep fitness pr5000 iso arms;US$400;https://www.facebook.com/marketplace/item/1369266124743122/?ref=search&referral_code=null&referral_story_type=post&tracking=browse_serp%3A01a79d23-c9a8-4ee5-b0ff-5208db899a07&__tn__=!%3AD;https://shopee.com.br/search?keyword=Rep%20fitness%20pr5000%20iso%20arms;Kit halteres
991;Smartwatch amoled;SMART WATCH ⌚;US$20;https://www.facebook.com/marketplace/item/3473986469430264/?ref=search&referral_code=null&referral_story_type=post&tracking=browse_serp%3A40957e6c-c122-49a9-8c1b-751ef7b5e50f&__tn__=!%3AD;https://shopee.com.br/search?keyword=SMART%20WATCH%20⌚;Smartwatch amoled
991;Notebook dell;Apple iPhone 13 new! 256gb white -;"US$350
US$400";https://www.facebook.com/marketplace/item/739241472570665/?ref=search&referral_code=null&referral_story_type=post&tracking=browse_serp%3Ac678ce4c-8b5e-41d8-9bc6-077c10a2aa9e&__tn__=!%3AD;https://shopee.com.br/search?keyword=Apple%20iPhone%2013%20new!%20256gb%20white%20-;Notebook dell
991;Creatina;Sacramento, CA;US$20;https://www.facebook.com/marketplace/item/1176706424220319/?ref=search&referral_code=null&referral_story_type=post&tracking=browse_serp%3A8317c2e1-50e0-4cf2-8a07-f9a9e5dec437&__tn__=!%3AD;https://shopee.com.br/search?keyword=Sacramento,%20CA;Creatina
991;Whey protein;Oath & Seeq Protein;US$100;https://www.facebook.com/marketplace/item/1594026115128753/?ref=search&referral_code=null&referral_story_type=post&tracking=browse_serp%3A4e944566-3941-48c0-b254-9cdac29dc612&__tn__=!%3AD;https://shopee.com.br/search?keyword=Oath%20&%20Seeq%20Protein;Whey protein
991;Air fryer;Ninja Foodi Digital Air Fry Oven;"US$50
US$100";https://www.facebook.com/marketplace/item/860720593495613/?ref=search&referral_code=null&referral_story_type=post&tracking=browse_serp%3Ab9845548-c428-4280-9e68-1b7a7c0bb2e3&__tn__=!%3AD;https://shopee.com.br/search?keyword=Ninja%20Foodi%20Digital%20Air%20Fry%20Oven;Air fryer
991;Monitor 4k;"Sceptre curved 27"" 240hz pro gaming monitor";US$60;https://www.facebook.com/marketplace/item/1556047962164612/?ref=search&referral_code=null&referral_story_type=post&tracking=browse_serp%3A764b163f-6bf6-4f8c-ad9f-5e45651790df&__tn__=!%3AD;"https://shopee.com.br/search?keyword=Sceptre%20curved%2027""%20240hz%20pro%20gaming%20monitor";Monitor 4k
990;Skincare;Medicube PDRN pink serum with refill;US$20;https://www.facebook.com/marketplace/item/1895949327677830/?ref=search&referral_code=null&referral_story_type=post&tracking=browse_serp%3Affb73c06-1907-423f-8f5e-26b5bc32e064&__tn__=!%3AD;https://shopee.com.br/search?keyword=Medicube%20PDRN%20pink%20serum%20with%20refill;Skincare
990;Iphone 13;Apple iPhone 13 mini, 256 GB, unlocked;US$300;https://www.facebook.com/marketplace/item/889251763839501/?ref=search&referral_code=null&referral_story_type=post&__tn__=!%3AD;https://shopee.com.br/search?keyword=Apple%20iPhone%2013%20mini,%20256%20GB,%20unlocked;Iphone 13
990;Kit halteres;Haltech E8 standalone ECU;US$220;https://www.facebook.com/marketplace/item/2056610605189598/?ref=search&referral_code=null&referral_story_type=post&tracking=browse_serp%3A01a79d23-c9a8-4ee5-b0ff-5208db899a07&__tn__=!%3AD;https://shopee.com.br/search?keyword=Haltech%20E8%20standalone%20ECU;Kit halteres
990;Cafeteira nespresso;Nespresso by Breville Vertuo Coffee and Espresso Machine in Chrome;"US$60
US$75";https://www.facebook.com/marketplace/item/25689657450642891/?ref=search&referral_code=null&referral_story_type=post&tracking=browse_serp%3A1766764e-d307-4529-b349-813521246ef5&__tn__=!%3AD;https://shopee.com.br/search?keyword=Nespresso%20by%20Breville%20Vertuo%20Coffee%20and%20Espresso%20Machine%20in%20Chrome;Cafeteira nespresso
990;Monitor 4k;Alienware 38 curved monitor (AW3821DW);US$400;https://www.facebook.com/marketplace/item/1852052388793620/?ref=search&referral_code=null&referral_story_type=post&tracking=browse_serp%3A764b163f-6bf6-4f8c-ad9f-5e45651790df&__tn__=!%3AD;https://shopee.com.br/search?keyword=Alienware%2038%20curved%20monitor%20(AW3821DW);Monitor 4k
990;Air fryer;Gourmia 8QT Airfryer;"US$40
US$65";https://www.facebook.com/marketplace/item/1675962089761134/?ref=search&referral_code=null&referral_story_type=post&tracking=browse_serp%3Ab9845548-c428-4280-9e68-1b7a7c0bb2e3&__tn__=!%3AD;https://shopee.com.br/search?keyword=Gourmia%208QT%20Airfryer;Air fryer
990;Perfume árabe;Pleasant Hill, CA;US$10;https://www.facebook.com/marketplace/item/681328171642742/?ref=search&referral_code=null&referral_story_type=post&tracking=browse_serp%3A172ec94d-57e8-4a33-b80a-8826a0698cdc&__tn__=!%3AD;https://shopee.com.br/search?keyword=Pleasant%20Hill,%20CA;Perfume árabe
990;Smartwatch amoled;Pink Smartwatch with Gold Casing;"US$45
US$60";https://www.facebook.com/marketplace/item/1608143750358670/?ref=search&referral_code=null&referral_story_type=post&tracking=browse_serp%3A40957e6c-c122-49a9-8c1b-751ef7b5e50f&__tn__=!%3AD;https://shopee.com.br/search?keyword=Pink%20Smartwatch%20with%20Gold%20Casing;Smartwatch amoled
990;Playstation 5;PlayStation 5;US$350;https://www.facebook.com/marketplace/item/806625535744761/?ref=search&referral_code=null&referral_story_type=post&tracking=browse_serp%3A507e14ac-c778-42d7-9483-34ef581f173f&__tn__=!%3AD;https://shopee.com.br/search?keyword=PlayStation%205;Playstation 5
990;Notebook dell;iPhone 13 Midnight 128gb;US$320;https://www.facebook.com/marketplace/item/875746312113947/?ref=search&referral_code=null&referral_story_type=post&tracking=browse_serp%3Ac678ce4c-8b5e-41d8-9bc6-077c10a2aa9e&__tn__=!%3AD;https://shopee.com.br/search?keyword=iPhone%2013%20Midnight%20128gb;Notebook dell
990;Whey protein;Pro Elite Plant-Based Protein Powder (chocolate);US$20;https://www.facebook.com/marketplace/item/1251754990220883/?ref=search&referral_code=null&referral_story_type=post&tracking=browse_serp%3A4e944566-3941-48c0-b254-9cdac29dc612&__tn__=!%3AD;https://shopee.com.br/search?keyword=Pro%20Elite%20Plant-Based%20Protein%20Powder%20(chocolate);Whey protein
990;Creatina;creatine gummies 5000mg;US$5;https://www.facebook.com/marketplace/item/1345717150666116/?ref=search&referral_code=null&referral_story_type=post&tracking=browse_serp%3A8317c2e1-50e0-4cf2-8a07-f9a9e5dec437&__tn__=!%3AD;https://shopee.com.br/search?keyword=creatine%20gummies%205000mg;Creatina
989;Cafeteira nespresso;Nespresso machine;US$50;https://www.facebook.com/marketplace/item/1764141447615021/?ref=search&referral_code=null&referral_story_type=post&tracking=browse_serp%3A1766764e-d307-4529-b349-813521246ef5&__tn__=!%3AD;https://shopee.com.br/search?keyword=Nespresso%20machine;Cafeteira nespresso
989;Kit halteres;Haltech Elite 2500 + Mazda RX7 FD3S Plug 'n' Play Adaptor Harness Kit - HT-151328;US$2.200;https://www.facebook.com/marketplace/item/1524198132103454/?ref=search&referral_code=null&referral_story_type=post&tracking=browse_serp%3A01a79d23-c9a8-4ee5-b0ff-5208db899a07&__tn__=!%3AD;https://shopee.com.br/search?keyword=Haltech%20Elite%202500%20+%20Mazda%20RX7%20FD3S%20Plug%20'n'%20Play%20Adaptor%20Harness%20Kit%20-%20HT-151328;Kit halteres
989;Notebook dell;Santa Rosa, CA;US$250;https://www.facebook.com/marketplace/item/1260584192557154/?ref=search&referral_code=null&referral_story_type=post&tracking=browse_serp%3Ac678ce4c-8b5e-41d8-9bc6-077c10a2aa9e&__tn__=!%3AD;https://shopee.com.br/search?keyword=Santa%20Rosa,%20CA;Notebook dell
989;Perfume árabe;Redwood City, CA;US$80;https://www.facebook.com/marketplace/item/3818359588471289/?ref=search&referral_code=null&referral_story_type=post&tracking=browse_serp%3A172ec94d-57e8-4a33-b80a-8826a0698cdc&__tn__=!%3AD;https://shopee.com.br/search?keyword=Redwood%20City,%20CA;Perfume árabe
989;Whey protein;Premier protein chocolate 12 pack;US$25;https://www.facebook.com/marketplace/item/1337735448064224/?ref=search&referral_code=null&referral_story_type=post&tracking=browse_serp%3A4e944566-3941-48c0-b254-9cdac29dc612&__tn__=!%3AD;https://shopee.com.br/search?keyword=Premier%20protein%20chocolate%2012%20pack;Whey protein
989;Smartwatch amoled;Fossil Gen 3 Smartwatch;US$60;https://www.facebook.com/marketplace/item/2804522713236113/?ref=search&referral_code=null&referral_story_type=post&tracking=browse_serp%3A40957e6c-c122-49a9-8c1b-751ef7b5e50f&__tn__=!%3AD;https://shopee.com.br/search?keyword=Fossil%20Gen%203%20Smartwatch;Smartwatch amoled
989;Air fryer;Ninja 8quart dual air fryer (DZ201);US$130;https://www.facebook.com/marketplace/item/1240016554657771/?ref=search&referral_code=null&referral_story_type=post&tracking=browse_serp%3Ab9845548-c428-4280-9e68-1b7a7c0bb2e3&__tn__=!%3AD;https://shopee.com.br/search?keyword=Ninja%208quart%20dual%20air%20fryer%20(DZ201);Air fryer
989;Playstation 5;PS5 Disc Edition + PlayStation Portal Bundle | Adult Owned w/ Extras (Rosemont);US$590;https://www.facebook.com/marketplace/item/815477918231155/?ref=search&referral_code=null&referral_story_type=post&tracking=browse_serp%3A507e14ac-c778-42d7-9483-34ef581f173f&__tn__=!%3AD;https://shopee.com.br/search?keyword=PS5%20Disc%20Edition%20+%20PlayStation%20Portal%20Bundle%20|%20Adult%20Owned%20w/%20Extras%20(Rosemont);Playstation 5
989;Iphone 13;Pinole, CA;"US$350
US$380";https://www.facebook.com/marketplace/item/1444412720647925/?ref=search&referral_code=null&referral_story_type=post&__tn__=!%3AD;https://shopee.com.br/search?keyword=Pinole,%20CA;Iphone 13
989;Creatina;Rogaine for men 5% Minoxil;US$45;https://www.facebook.com/marketplace/item/1579362533057793/?ref=search&referral_code=null&referral_story_type=post&tracking=browse_serp%3A8317c2e1-50e0-4cf2-8a07-f9a9e5dec437&__tn__=!%3AD;https://shopee.com.br/search?keyword=Rogaine%20for%20men%205%%20Minoxil;Creatina
989;Skincare;Skincare + makeup;US$10;https://www.facebook.com/marketplace/item/3837837066525440/?ref=search&referral_code=null&referral_story_type=post&tracking=browse_serp%3Affb73c06-1907-423f-8f5e-26b5bc32e064&__tn__=!%3AD;https://shopee.com.br/search?keyword=Skincare%20+%20makeup;Skincare
989;Monitor 4k;"34"" Curved Dell U3419W Ultra Sharp LED Ultrawide Monitor";"US$200
US$240";https://www.facebook.com/marketplace/item/1580968256526811/?ref=search&referral_code=null&referral_story_type=post&tracking=browse_serp%3A764b163f-6bf6-4f8c-ad9f-5e45651790df&__tn__=!%3AD;"https://shopee.com.br/search?keyword=34""%20Curved%20Dell%20U3419W%20Ultra%20Sharp%20LED%20Ultrawide%20Monitor";Monitor 4k
988;Notebook dell;Iphone 14 128gb Unlocked Blue;US$350;https://www.facebook.com/marketplace/item/2345964975919856/?ref=search&referral_code=null&referral_story_type=post&tracking=browse_serp%3Ac678ce4c-8b5e-41d8-9bc6-077c10a2aa9e&__tn__=!%3AD;https://shopee.com.br/search?keyword=Iphone%2014%20128gb%20Unlocked%20Blue;Notebook dell
988;Playstation 5;Playstation 5;"US$350
US$400";https://www.facebook.com/marketplace/item/1143226774399665/?ref=search&referral_code=null&referral_story_type=post&tracking=browse_serp%3A507e14ac-c778-42d7-9483-34ef581f173f&__tn__=!%3AD;https://shopee.com.br/search?keyword=Playstation%205;Playstation 5
988;Cafeteira nespresso;Nespresso Vertuo Pop+;"US$80
US$85";https://www.facebook.com/marketplace/item/1592307442219553/?ref=search&referral_code=null&referral_story_type=post&tracking=browse_serp%3A1766764e-d307-4529-b349-813521246ef5&__tn__=!%3AD;https://shopee.com.br/search?keyword=Nespresso%20Vertuo%20Pop+;Cafeteira nespresso
988;Air fryer;San Francisco, CA;US$35;https://www.facebook.com/marketplace/item/911673711317804/?ref=search&referral_code=null&referral_story_type=post&tracking=browse_serp%3Ab9845548-c428-4280-9e68-1b7a7c0bb2e3&__tn__=!%3AD;https://shopee.com.br/search?keyword=San%20Francisco,%20CA;Air fryer
988;Smartwatch amoled;Marysville, CA;"US$25
US$40";https://www.facebook.com/marketplace/item/1188181913507243/?ref=search&referral_code=null&referral_story_type=post&tracking=browse_serp%3A40957e6c-c122-49a9-8c1b-751ef7b5e50f&__tn__=!%3AD;https://shopee.com.br/search?keyword=Marysville,%20CA;Smartwatch amoled
988;Creatina;Black Magic Protein Drink;US$30;https://www.facebook.com/marketplace/item/909485928143171/?ref=search&referral_code=null&referral_story_type=post&tracking=browse_serp%3A8317c2e1-50e0-4cf2-8a07-f9a9e5dec437&__tn__=!%3AD;https://shopee.com.br/search?keyword=Black%20Magic%20Protein%20Drink;Creatina
988;Monitor 4k;"28"" 4K monitor";"US$40
US$50";https://www.facebook.com/marketplace/item/1494165705023145/?ref=search&referral_code=null&referral_story_type=post&tracking=browse_serp%3A764b163f-6bf6-4f8c-ad9f-5e45651790df&__tn__=!%3AD;"https://shopee.com.br/search?keyword=28""%204K%20monitor";Monitor 4k
988;Skincare;Skincare Bundle;US$50;https://www.facebook.com/marketplace/item/1563465754760168/?ref=search&referral_code=null&referral_story_type=post&tracking=browse_serp%3Affb73c06-1907-423f-8f5e-26b5bc32e064&__tn__=!%3AD;https://shopee.com.br/search?keyword=Skincare%20Bundle;Skincare
988;Whey protein;Daly City, CA;US$100;https://www.facebook.com/marketplace/item/1207525441574588/?ref=search&referral_code=null&referral_story_type=post&tracking=browse_serp%3A4e944566-3941-48c0-b254-9cdac29dc612&__tn__=!%3AD;https://shopee.com.br/search?keyword=Daly%20City,%20CA;Whey protein
988;Perfume árabe;Perfume de mujer;US$30;https://www.facebook.com/marketplace/item/906551272333342/?ref=search&referral_code=null&referral_story_type=post&tracking=browse_serp%3A172ec94d-57e8-4a33-b80a-8826a0698cdc&__tn__=!%3AD;https://shopee.com.br/search?keyword=Perfume%20de%20mujer;Perfume árabe
988;Iphone 13;iPhone 13 pro 256gb Sierra Blue;US$350;https://www.facebook.com/marketplace/item/919742277287693/?ref=search&referral_code=null&referral_story_type=post&__tn__=!%3AD;https://shopee.com.br/search?keyword=iPhone%2013%20pro%20256gb%20Sierra%20Blue;Iphone 13
988;Kit halteres;Sacramento, CA;"US$70
US$120";https://www.facebook.com/marketplace/item/1428051152261308/?ref=search&referral_code=null&referral_story_type=post&tracking=browse_serp%3A01a79d23-c9a8-4ee5-b0ff-5208db899a07&__tn__=!%3AD;https://shopee.com.br/search?keyword=Sacramento,%20CA;Kit halteres
987;Perfume árabe;Half Moon Bay, CA;US$60;https://www.facebook.com/marketplace/item/4382036678750128/?ref=search&referral_code=null&referral_story_type=post&tracking=browse_serp%3A172ec94d-57e8-4a33-b80a-8826a0698cdc&__tn__=!%3AD;https://shopee.com.br/search?keyword=Half%20Moon%20Bay,%20CA;Perfume árabe
987;Cafeteira nespresso;Espresso Virtuoplus;US$25;https://www.facebook.com/marketplace/item/905174385294343/?ref=search&referral_code=null&referral_story_type=post&tracking=browse_serp%3A1766764e-d307-4529-b349-813521246ef5&__tn__=!%3AD;https://shopee.com.br/search?keyword=Espresso%20Virtuoplus;Cafeteira nespresso
987;Smartwatch amoled;Smart watches;US$50;https://www.facebook.com/marketplace/item/757815224033684/?ref=search&referral_code=null&referral_story_type=post&tracking=browse_serp%3A40957e6c-c122-49a9-8c1b-751ef7b5e50f&__tn__=!%3AD;https://shopee.com.br/search?keyword=Smart%20watches;Smartwatch amoled
987;Air fryer;Ninja airfryer (dual);US$90;https://www.facebook.com/marketplace/item/768782849603134/?ref=search&referral_code=null&referral_story_type=post&tracking=browse_serp%3Ab9845548-c428-4280-9e68-1b7a7c0bb2e3&__tn__=!%3AD;https://shopee.com.br/search?keyword=Ninja%20airfryer%20(dual);Air fryer
987;Playstation 5;Raffling off PlayStation 5 Set - Comes with Original Console Box & Red Controller Box!! $10 entry;"US$10
US$459";https://www.facebook.com/marketplace/item/775353625592703/?ref=search&referral_code=null&referral_story_type=post&tracking=browse_serp%3A507e14ac-c778-42d7-9483-34ef581f173f&__tn__=!%3AD;https://shopee.com.br/search?keyword=Raffling%20off%20PlayStation%205%20Set%20-%20Comes%20with%20Original%20Console%20Box%20&%20Red%20Controller%20Box!!%20$10%20entry;Playstation 5
987;Notebook dell;Pinole, CA;"US$350
US$380";https://www.facebook.com/marketplace/item/1444412720647925/?ref=search&referral_code=null&referral_story_type=post&tracking=browse_serp%3Ac678ce4c-8b5e-41d8-9bc6-077c10a2aa9e&__tn__=!%3AD;https://shopee.com.br/search?keyword=Pinole,%20CA;Notebook dell
987;Skincare;Korean Skincare and Makeup;US$5;https://www.facebook.com/marketplace/item/890734946753409/?ref=search&referral_code=null&referral_story_type=post&tracking=browse_serp%3Affb73c06-1907-423f-8f5e-26b5bc32e064&__tn__=!%3AD;https://shopee.com.br/search?keyword=Korean%20Skincare%20and%20Makeup;Skincare
987;Creatina;Premier Protein Vainilla Chocolate y Caramelo;US$25;https://www.facebook.com/marketplace/item/25642185535424123/?ref=search&referral_code=null&referral_story_type=post&tracking=browse_serp%3A8317c2e1-50e0-4cf2-8a07-f9a9e5dec437&__tn__=!%3AD;https://shopee.com.br/search?keyword=Premier%20Protein%20Vainilla%20Chocolate%20y%20Caramelo;Creatina
987;Whey protein;Blueprint creatine;US$25;https://www.facebook.com/marketplace/item/1216128830493659/?ref=search&referral_code=null&referral_story_type=post&tracking=browse_serp%3A4e944566-3941-48c0-b254-9cdac29dc612&__tn__=!%3AD;https://shopee.com.br/search?keyword=Blueprint%20creatine;Whey protein
987;Monitor 4k;Lenovo high end 4k 34inch monitor;"US$100
US$120";https://www.facebook.com/marketplace/item/1535651994442209/?ref=search&referral_code=null&referral_story_type=post&tracking=browse_serp%3A764b163f-6bf6-4f8c-ad9f-5e45651790df&__tn__=!%3AD;https://shopee.com.br/search?keyword=Lenovo%20high%20end%204k%2034inch%20monitor;Monitor 4k
987;Iphone 13;Gold iPhone 13 Pro Max 128gb Unlocked;US$450;https://www.facebook.com/marketplace/item/880090244947248/?ref=search&referral_code=null&referral_story_type=post&__tn__=!%3AD;https://shopee.com.br/search?keyword=Gold%20iPhone%2013%20Pro%20Max%20128gb%20Unlocked;Iphone 13
986;Skincare;Dr Dennis Gross SKINCARE;"US$10
US$15";https://www.facebook.com/marketplace/item/977461662113378/?ref=search&referral_code=null&referral_story_type=post&tracking=browse_serp%3Affb73c06-1907-423f-8f5e-26b5bc32e064&__tn__=!%3AD;https://shopee.com.br/search?keyword=Dr%20Dennis%20Gross%20SKINCARE;Skincare
986;Monitor 4k;"43"" Samsung M7 4K Smart Monitor & Streaming TV - Excellent Condition";US$250;https://www.facebook.com/marketplace/item/1457416169509599/?ref=search&referral_code=null&referral_story_type=post&tracking=browse_serp%3A764b163f-6bf6-4f8c-ad9f-5e45651790df&__tn__=!%3AD;"https://shopee.com.br/search?keyword=43""%20Samsung%20M7%204K%20Smart%20Monitor%20&%20Streaming%20TV%20-%20Excellent%20Condition";Monitor 4k
986;Whey protein;Premier Protein Vainilla Chocolate y Caramelo;US$25;https://www.facebook.com/marketplace/item/25642185535424123/?ref=search&referral_code=null&referral_story_type=post&tracking=browse_serp%3A4e944566-3941-48c0-b254-9cdac29dc612&__tn__=!%3AD;https://shopee.com.br/search?keyword=Premier%20Protein%20Vainilla%20Chocolate%20y%20Caramelo;Whey protein
986;Air fryer;Gourmia Air Fryer;"US$35
US$50";https://www.facebook.com/marketplace/item/1184269633830316/?ref=search&referral_code=null&referral_story_type=post&tracking=browse_serp%3Ab9845548-c428-4280-9e68-1b7a7c0bb2e3&__tn__=!%3AD;https://shopee.com.br/search?keyword=Gourmia%20Air%20Fryer;Air fryer
986;Smartwatch amoled;Waterproof Outdoor Smartwatch w/ GPS, LED Flashlight, Compass & Bluetooth Calling;US$60;https://www.facebook.com/marketplace/item/1167556988913371/?ref=search&referral_code=null&referral_story_type=post&tracking=browse_serp%3A40957e6c-c122-49a9-8c1b-751ef7b5e50f&__tn__=!%3AD;https://shopee.com.br/search?keyword=Waterproof%20Outdoor%20Smartwatch%20w/%20GPS,%20LED%20Flashlight,%20Compass%20&%20Bluetooth%20Calling;Smartwatch amoled
986;Creatina;Collagen Peptides Unopened;"US$15
US$20";https://www.facebook.com/marketplace/item/1880711292548477/?ref=search&referral_code=null&referral_story_type=post&tracking=browse_serp%3A8317c2e1-50e0-4cf2-8a07-f9a9e5dec437&__tn__=!%3AD;https://shopee.com.br/search?keyword=Collagen%20Peptides%20Unopened;Creatina
986;Perfume árabe;San Francisco, CA;US$85;https://www.facebook.com/marketplace/item/1309403847898289/?ref=search&referral_code=null&referral_story_type=post&tracking=browse_serp%3A172ec94d-57e8-4a33-b80a-8826a0698cdc&__tn__=!%3AD;https://shopee.com.br/search?keyword=San%20Francisco,%20CA;Perfume árabe
986;Notebook dell;Pink IPhone 13 (Unlocked);"US$320
US$400";https://www.facebook.com/marketplace/item/2100665647412131/?ref=search&referral_code=null&referral_story_type=post&tracking=browse_serp%3Ac678ce4c-8b5e-41d8-9bc6-077c10a2aa9e&__tn__=!%3AD;https://shopee.com.br/search?keyword=Pink%20IPhone%2013%20(Unlocked);Notebook dell
986;Iphone 13;iPhone 13 Blue Unlocked;US$240;https://www.facebook.com/marketplace/item/1407696974328808/?ref=search&referral_code=null&referral_story_type=post&__tn__=!%3AD;https://shopee.com.br/search?keyword=iPhone%2013%20Blue%20Unlocked;Iphone 13
986;Cafeteira nespresso;Nespresso Essenza Mini Kit & pods recycler;"US$110
US$120";https://www.facebook.com/marketplace/item/1347179157422303/?ref=search&referral_code=null&referral_story_type=post&tracking=browse_serp%3A1766764e-d307-4529-b349-813521246ef5&__tn__=!%3AD;https://shopee.com.br/search?keyword=Nespresso%20Essenza%20Mini%20Kit%20&%20pods%20recycler;Cafeteira nespresso
986;Playstation 5;Sony PlayStation 5 (PS5) Console - Disc Edition;US$350;https://www.facebook.com/marketplace/item/1659005865483347/?ref=search&referral_code=null&referral_story_type=post&tracking=browse_serp%3A507e14ac-c778-42d7-9483-34ef581f173f&__tn__=!%3AD;https://shopee.com.br/search?keyword=Sony%20PlayStation%205%20(PS5)%20Console%20-%20Disc%20Edition;Playstation 5
985;Perfume árabe;Riverbank, CA;US$130;https://www.facebook.com/marketplace/item/2124486771737660/?ref=search&referral_code=null&referral_story_type=post&tracking=browse_serp%3A172ec94d-57e8-4a33-b80a-8826a0698cdc&__tn__=!%3AD;https://shopee.com.br/search?keyword=Riverbank,%20CA;Perfume árabe
985;Iphone 13;iPhone 13 mini Starlight Unlocked;US$230;https://www.facebook.com/marketplace/item/893914523627717/?ref=search&referral_code=null&referral_story_type=post&__tn__=!%3AD;https://shopee.com.br/search?keyword=iPhone%2013%20mini%20Starlight%20Unlocked;Iphone 13
985;Notebook dell;Vallejo, CA;US$250;https://www.facebook.com/marketplace/item/1475253853932809/?ref=search&referral_code=null&referral_story_type=post&tracking=browse_serp%3Ac678ce4c-8b5e-41d8-9bc6-077c10a2aa9e&__tn__=!%3AD;https://shopee.com.br/search?keyword=Vallejo,%20CA;Notebook dell
985;Air fryer;Brand New All White AirFryer.;"US$30
US$45";https://www.facebook.com/marketplace/item/32783763861239249/?ref=search&referral_code=null&referral_story_type=post&tracking=browse_serp%3Ab9845548-c428-4280-9e68-1b7a7c0bb2e3&__tn__=!%3AD;https://shopee.com.br/search?keyword=Brand%20New%20All%20White%20AirFryer.;Air fryer
985;Smartwatch amoled;Samsung Galaxy Watch8 44mm Smartwatch with Two Wireless Fast Chargers;US$300;https://www.facebook.com/marketplace/item/1307113347855587/?ref=search&referral_code=null&referral_story_type=post&tracking=browse_serp%3A40957e6c-c122-49a9-8c1b-751ef7b5e50f&__tn__=!%3AD;https://shopee.com.br/search?keyword=Samsung%20Galaxy%20Watch8%2044mm%20Smartwatch%20with%20Two%20Wireless%20Fast%20Chargers;Smartwatch amoled
985;Whey protein;Transparent labs 100% pea protein;US$45;https://www.facebook.com/marketplace/item/2055457451947026/?ref=search&referral_code=null&referral_story_type=post&tracking=browse_serp%3A4e944566-3941-48c0-b254-9cdac29dc612&__tn__=!%3AD;https://shopee.com.br/search?keyword=Transparent%20labs%20100%%20pea%20protein;Whey protein
985;Skincare;Tretinoin cream;US$25;https://www.facebook.com/marketplace/item/896605409535991/?ref=search&referral_code=null&referral_story_type=post&tracking=browse_serp%3Affb73c06-1907-423f-8f5e-26b5bc32e064&__tn__=!%3AD;https://shopee.com.br/search?keyword=Tretinoin%20cream;Skincare
985;Creatina;Fremont, CA;US$45;https://www.facebook.com/marketplace/item/752221117393508/?ref=search&referral_code=null&referral_story_type=post&tracking=browse_serp%3A8317c2e1-50e0-4cf2-8a07-f9a9e5dec437&__tn__=!%3AD;https://shopee.com.br/search?keyword=Fremont,%20CA;Creatina
985;Monitor 4k;Ultra wide Monitor;US$125;https://www.facebook.com/marketplace/item/1449111346837158/?ref=search&referral_code=null&referral_story_type=post&tracking=browse_serp%3A764b163f-6bf6-4f8c-ad9f-5e45651790df&__tn__=!%3AD;https://shopee.com.br/search?keyword=Ultra%20wide%20Monitor;Monitor 4k
985;Cafeteira nespresso;Nespresso Vertuo Pop+ Coffee and Espresso Maker Iced Coffee;"US$80
US$100";https://www.facebook.com/marketplace/item/1932753340657410/?ref=search&referral_code=null&referral_story_type=post&tracking=browse_serp%3A1766764e-d307-4529-b349-813521246ef5&__tn__=!%3AD;https://shopee.com.br/search?keyword=Nespresso%20Vertuo%20Pop+%20Coffee%20and%20Espresso%20Maker%20Iced%20Coffee;Cafeteira nespresso
985;Playstation 5;PlayStation 5 Slim Digital Edition;"US$380
US$400";https://www.facebook.com/marketplace/item/1429391968695697/?ref=search&referral_code=null&referral_story_type=post&tracking=browse_serp%3A507e14ac-c778-42d7-9483-34ef581f173f&__tn__=!%3AD;https://shopee.com.br/search?keyword=PlayStation%205%20Slim%20Digital%20Edition;Playstation 5
984;Cafeteira nespresso;Nespresso Vertuo Lattissima;US$300;https://www.facebook.com/marketplace/item/935072049191810/?ref=search&referral_code=null&referral_story_type=post&tracking=browse_serp%3A1766764e-d307-4529-b349-813521246ef5&__tn__=!%3AD;https://shopee.com.br/search?keyword=Nespresso%20Vertuo%20Lattissima;Cafeteira nespresso
984;Air fryer;PowerXL Grill Air Fryer Home 5.5 Quart;US$20;https://www.facebook.com/marketplace/item/1847965165833906/?ref=search&referral_code=null&referral_story_type=post&tracking=browse_serp%3Ab9845548-c428-4280-9e68-1b7a7c0bb2e3&__tn__=!%3AD;https://shopee.com.br/search?keyword=PowerXL%20Grill%20Air%20Fryer%20Home%205.5%20Quart;Air fryer
984;Smartwatch amoled;Amazfit GTS 2 Smart Watch;"US$60
US$80";https://www.facebook.com/marketplace/item/1275882607065456/?ref=search&referral_code=null&referral_story_type=post&tracking=browse_serp%3A40957e6c-c122-49a9-8c1b-751ef7b5e50f&__tn__=!%3AD;https://shopee.com.br/search?keyword=Amazfit%20GTS%202%20Smart%20Watch;Smartwatch amoled
984;Monitor 4k;"Philips 27"" 4K UHD Monitor";US$99;https://www.facebook.com/marketplace/item/903074545741584/?ref=search&referral_code=null&referral_story_type=post&tracking=browse_serp%3A764b163f-6bf6-4f8c-ad9f-5e45651790df&__tn__=!%3AD;"https://shopee.com.br/search?keyword=Philips%2027""%204K%20UHD%20Monitor";Monitor 4k
984;Playstation 5;Sony PlayStation 5 Slim Fortnite Cobalt Star Bundle 1TB Console PS5;US$360;https://www.facebook.com/marketplace/item/4424460801164241/?ref=search&referral_code=null&referral_story_type=post&tracking=browse_serp%3A507e14ac-c778-42d7-9483-34ef581f173f&__tn__=!%3AD;https://shopee.com.br/search?keyword=Sony%20PlayStation%205%20Slim%20Fortnite%20Cobalt%20Star%20Bundle%201TB%20Console%20PS5;Playstation 5
984;Notebook dell;[New] iPhone13 128GB - Unlocked;US$350;https://www.facebook.com/marketplace/item/33483930611253131/?ref=search&referral_code=null&referral_story_type=post&tracking=browse_serp%3Ac678ce4c-8b5e-41d8-9bc6-077c10a2aa9e&__tn__=!%3AD;https://shopee.com.br/search?keyword=[New]%20iPhone13%20128GB%20-%20Unlocked;Notebook dell
984;Skincare;Kiehl’s Skincare Bundle;US$75;https://www.facebook.com/marketplace/item/1540914700547754/?ref=search&referral_code=null&referral_story_type=post&tracking=browse_serp%3Affb73c06-1907-423f-8f5e-26b5bc32e064&__tn__=!%3AD;https://shopee.com.br/search?keyword=Kiehl’s%20Skincare%20Bundle;Skincare
984;Creatina;Te gustaría obtener un 20% ~ 40%;US$65;https://www.facebook.com/marketplace/item/1393339451739833/?ref=search&referral_code=null&referral_story_type=post&tracking=browse_serp%3A8317c2e1-50e0-4cf2-8a07-f9a9e5dec437&__tn__=!%3AD;https://shopee.com.br/search?keyword=Te%20gustaría%20obtener%20un%2020%%20~%2040%;Creatina
984;Whey protein;Cymbiotika Creatine Supplement;US$45;https://www.facebook.com/marketplace/item/1476725194018711/?ref=search&referral_code=null&referral_story_type=post&tracking=browse_serp%3A4e944566-3941-48c0-b254-9cdac29dc612&__tn__=!%3AD;https://shopee.com.br/search?keyword=Cymbiotika%20Creatine%20Supplement;Whey protein
984;Perfume árabe;Dior hypnotic poison perfume;US$90;https://www.facebook.com/marketplace/item/1226174382945003/?ref=search&referral_code=null&referral_story_type=post&tracking=browse_serp%3A172ec94d-57e8-4a33-b80a-8826a0698cdc&__tn__=!%3AD;https://shopee.com.br/search?keyword=Dior%20hypnotic%20poison%20perfume;Perfume árabe
984;Iphone 13;iPhone 13 Pro Max, 512 GB, Factory Unlocked(Worldwide Unlocked), like new condition for $500 firm;US$500;https://www.facebook.com/marketplace/item/903220215627357/?ref=search&referral_code=null&referral_story_type=post&__tn__=!%3AD;https://shopee.com.br/search?keyword=iPhone%2013%20Pro%20Max,%20512%20GB,%20Factory%20Unlocked(Worldwide%20Unlocked),%20like%20new%20condition%20for%20$500%20firm;Iphone 13
983;Perfume árabe;Colognes/ Perfume;US$100;https://www.facebook.com/marketplace/item/2068622023992427/?ref=search&referral_code=null&referral_story_type=post&tracking=browse_serp%3A172ec94d-57e8-4a33-b80a-8826a0698cdc&__tn__=!%3AD;https://shopee.com.br/search?keyword=Colognes/%20Perfume;Perfume árabe
983;Iphone 13;iPhone 13 Pro Max, 256GB, Factory Unlocked(Worldwide Unlocked), working fine for $450 firm;US$450;https://www.facebook.com/marketplace/item/2086236918865404/?ref=search&referral_code=null&referral_story_type=post&__tn__=!%3AD;https://shopee.com.br/search?keyword=iPhone%2013%20Pro%20Max,%20256GB,%20Factory%20Unlocked(Worldwide%20Unlocked),%20working%20fine%20for%20$450%20firm;Iphone 13
983;Notebook dell;iPhone 13 Pro – 128GB – Unlocked – $380 OBO;"US$380
US$400";https://www.facebook.com/marketplace/item/2035566530538621/?ref=search&referral_code=null&referral_story_type=post&tracking=browse_serp%3Ac678ce4c-8b5e-41d8-9bc6-077c10a2aa9e&__tn__=!%3AD;https://shopee.com.br/search?keyword=iPhone%2013%20Pro%20–%20128GB%20–%20Unlocked%20–%20$380%20OBO;Notebook dell
983;Smartwatch amoled;Smartwatch con diseño asombroso;US$20;https://www.facebook.com/marketplace/item/1447378327106490/?ref=search&referral_code=null&referral_story_type=post&tracking=browse_serp%3A40957e6c-c122-49a9-8c1b-751ef7b5e50f&__tn__=!%3AD;https://shopee.com.br/search?keyword=Smartwatch%20con%20diseño%20asombroso;Smartwatch amoled
983;Playstation 5;[new] 1TB Sony Playstation 5 Disc Edition Slim Console with Fortnite digital bundle;US$450;https://www.facebook.com/marketplace/item/753110790417402/?ref=search&referral_code=null&referral_story_type=post&tracking=browse_serp%3A507e14ac-c778-42d7-9483-34ef581f173f&__tn__=!%3AD;https://shopee.com.br/search?keyword=[new]%201TB%20Sony%20Playstation%205%20Disc%20Edition%20Slim%20Console%20with%20Fortnite%20digital%20bundle;Playstation 5
983;Monitor 4k;"2 x Samsung 34"" Class UltraWide Monitor";"US$180
US$250";https://www.facebook.com/marketplace/item/784943734282905/?ref=search&referral_code=null&referral_story_type=post&tracking=browse_serp%3A764b163f-6bf6-4f8c-ad9f-5e45651790df&__tn__=!%3AD;"https://shopee.com.br/search?keyword=2%20x%20Samsung%2034""%20Class%20UltraWide%20Monitor";Monitor 4k
983;Whey protein;Modesto, CA;US$30;https://www.facebook.com/marketplace/item/1395023354886086/?ref=search&referral_code=null&referral_story_type=post&tracking=browse_serp%3A4e944566-3941-48c0-b254-9cdac29dc612&__tn__=!%3AD;https://shopee.com.br/search?keyword=Modesto,%20CA;Whey protein
983;Skincare;San Francisco, CA;US$60;https://www.facebook.com/marketplace/item/1234780301960545/?ref=search&referral_code=null&referral_story_type=post&tracking=browse_serp%3Affb73c06-1907-423f-8f5e-26b5bc32e064&__tn__=!%3AD;https://shopee.com.br/search?keyword=San%20Francisco,%20CA;Skincare
983;Air fryer;Cosori Smart Air Fryer Toaster Oven;US$80;https://www.facebook.com/marketplace/item/890529983382705/?ref=search&referral_code=null&referral_story_type=post&tracking=browse_serp%3Ab9845548-c428-4280-9e68-1b7a7c0bb2e3&__tn__=!%3AD;https://shopee.com.br/search?keyword=Cosori%20Smart%20Air%20Fryer%20Toaster%20Oven;Air fryer
983;Cafeteira nespresso;DeLonghi Nespresso Vertuo Coffee Maker;US$40;https://www.facebook.com/marketplace/item/898906482679802/?ref=search&referral_code=null&referral_story_type=post&tracking=browse_serp%3A1766764e-d307-4529-b349-813521246ef5&__tn__=!%3AD;https://shopee.com.br/search?keyword=DeLonghi%20Nespresso%20Vertuo%20Coffee%20Maker;Cafeteira nespresso
983;Creatina;Ganador de masa muscular rápido;US$10;https://www.facebook.com/marketplace/item/882957177930959/?ref=search&referral_code=null&referral_story_type=post&tracking=browse_serp%3A8317c2e1-50e0-4cf2-8a07-f9a9e5dec437&__tn__=!%3AD;https://shopee.com.br/search?keyword=Ganador%20de%20masa%20muscular%20rápido;Creatina
982;Perfume árabe;Perfumes and body mist plus free new eye shadow + lipstick;"US$20
US$30";https://www.facebook.com/marketplace/item/1206918931508558/?ref=search&referral_code=null&referral_story_type=post&tracking=browse_serp%3A172ec94d-57e8-4a33-b80a-8826a0698cdc&__tn__=!%3AD;https://shopee.com.br/search?keyword=Perfumes%20and%20body%20mist%20plus%20free%20new%20eye%20shadow%20+%20lipstick;Perfume árabe
982;Iphone 13;iPhone 13 EJ8N-BA;US$102;https://www.facebook.com/marketplace/item/1696057564697433/?ref=search&referral_code=null&referral_story_type=post&__tn__=!%3AD;https://shopee.com.br/search?keyword=iPhone%2013%20EJ8N-BA;Iphone 13
982;Smartwatch amoled;Multifunctional Smart Android Watch, Fashion Digital Watch, Wireless Call, Sports Watch for Women &;US$20;https://www.facebook.com/marketplace/item/1413209270280526/?ref=search&referral_code=null&referral_story_type=post&tracking=browse_serp%3A40957e6c-c122-49a9-8c1b-751ef7b5e50f&__tn__=!%3AD;https://shopee.com.br/search?keyword=Multifunctional%20Smart%20Android%20Watch,%20Fashion%20Digital%20Watch,%20Wireless%20Call,%20Sports%20Watch%20for%20Women%20&;Smartwatch amoled
982;Whey protein;ISO100 Hydrolyze protein mix powder.;US$100;https://www.facebook.com/marketplace/item/2717293411978273/?ref=search&referral_code=null&referral_story_type=post&tracking=browse_serp%3A4e944566-3941-48c0-b254-9cdac29dc612&__tn__=!%3AD;https://shopee.com.br/search?keyword=ISO100%20Hydrolyze%20protein%20mix%20powder.;Whey protein
982;Skincare;Olehenriksen Skincare;"US$45
US$53";https://www.facebook.com/marketplace/item/1968133637135652/?ref=search&referral_code=null&referral_story_type=post&tracking=browse_serp%3Affb73c06-1907-423f-8f5e-26b5bc32e064&__tn__=!%3AD;https://shopee.com.br/search?keyword=Olehenriksen%20Skincare;Skincare
982;Creatina;Gold standard Whey Proteínas Powder;US$50;https://www.facebook.com/marketplace/item/1185729883724631/?ref=search&referral_code=null&referral_story_type=post&tracking=browse_serp%3A8317c2e1-50e0-4cf2-8a07-f9a9e5dec437&__tn__=!%3AD;https://shopee.com.br/search?keyword=Gold%20standard%20Whey%20Proteínas%20Powder;Creatina
982;Playstation 5;El Dorado Hills, CA;"US$350
US$375";https://www.facebook.com/marketplace/item/25962410416780121/?ref=search&referral_code=null&referral_story_type=post&tracking=browse_serp%3A507e14ac-c778-42d7-9483-34ef581f173f&__tn__=!%3AD;https://shopee.com.br/search?keyword=El%20Dorado%20Hills,%20CA;Playstation 5
982;Monitor 4k;Large Apple monitor Cinema Display 27”;"US$80
US$150";https://www.facebook.com/marketplace/item/898930089334323/?ref=search&referral_code=null&referral_story_type=post&tracking=browse_serp%3A764b163f-6bf6-4f8c-ad9f-5e45651790df&__tn__=!%3AD;https://shopee.com.br/search?keyword=Large%20Apple%20monitor%20Cinema%20Display%2027”;Monitor 4k
982;Air fryer;Oakland, CA;US$40;https://www.facebook.com/marketplace/item/1924001648199285/?ref=search&referral_code=null&referral_story_type=post&tracking=browse_serp%3Ab9845548-c428-4280-9e68-1b7a7c0bb2e3&__tn__=!%3AD;https://shopee.com.br/search?keyword=Oakland,%20CA;Air fryer
982;Cafeteira nespresso;L'or Barista Espresso Machine Grey Nespresso Compatible;US$75;https://www.facebook.com/marketplace/item/1202656285330550/?ref=search&referral_code=null&referral_story_type=post&tracking=browse_serp%3A1766764e-d307-4529-b349-813521246ef5&__tn__=!%3AD;https://shopee.com.br/search?keyword=L'or%20Barista%20Espresso%20Machine%20Grey%20Nespresso%20Compatible;Cafeteira nespresso
982;Notebook dell;iPhone 13 Unlocked;"US$300
US$320";https://www.facebook.com/marketplace/item/25744074501889603/?ref=search&referral_code=null&referral_story_type=post&tracking=browse_serp%3Ac678ce4c-8b5e-41d8-9bc6-077c10a2aa9e&__tn__=!%3AD;https://shopee.com.br/search?keyword=iPhone%2013%20Unlocked;Notebook dell
981;Playstation 5;PlayStation 5 disc 1TB ghost of yotei gold edition;US$540;https://www.facebook.com/marketplace/item/782780218168340/?ref=search&referral_code=null&referral_story_type=post&tracking=browse_serp%3A507e14ac-c778-42d7-9483-34ef581f173f&__tn__=!%3AD;https://shopee.com.br/search?keyword=PlayStation%205%20disc%201TB%20ghost%20of%20yotei%20gold%20edition;Playstation 5
981;Smartwatch amoled;Fenix 8 AMOLED 51MM;US$1.050;https://www.facebook.com/marketplace/item/1522808309034581/?ref=search&referral_code=null&referral_story_type=post&tracking=browse_serp%3A40957e6c-c122-49a9-8c1b-751ef7b5e50f&__tn__=!%3AD;https://shopee.com.br/search?keyword=Fenix%208%20AMOLED%2051MM;Smartwatch amoled
981;Skincare;Ipsy bags, makeup skincare, perfume, etc;"US$20
US$25";https://www.facebook.com/marketplace/item/1543174373620254/?ref=search&referral_code=null&referral_story_type=post&tracking=browse_serp%3Affb73c06-1907-423f-8f5e-26b5bc32e064&__tn__=!%3AD;https://shopee.com.br/search?keyword=Ipsy%20bags,%20makeup%20skincare,%20perfume,%20etc;Skincare
981;Air fryer;Compact Air Fryer;Gratuito;https://www.facebook.com/marketplace/item/923620536689447/?ref=search&referral_code=null&referral_story_type=post&tracking=browse_serp%3Ab9845548-c428-4280-9e68-1b7a7c0bb2e3&__tn__=!%3AD;https://shopee.com.br/search?keyword=Compact%20Air%20Fryer;Air fryer
981;Cafeteira nespresso;Nespresso Vertuo l;"US$50
US$68";https://www.facebook.com/marketplace/item/843050068630443/?ref=search&referral_code=null&referral_story_type=post&tracking=browse_serp%3A1766764e-d307-4529-b349-813521246ef5&__tn__=!%3AD;https://shopee.com.br/search?keyword=Nespresso%20Vertuo%20l;Cafeteira nespresso
981;Monitor 4k;LG 32UK50T 32 inch 4k Monitors;US$150;https://www.facebook.com/marketplace/item/889341596841291/?ref=search&referral_code=null&referral_story_type=post&tracking=browse_serp%3A764b163f-6bf6-4f8c-ad9f-5e45651790df&__tn__=!%3AD;https://shopee.com.br/search?keyword=LG%2032UK50T%2032%20inch%204k%20Monitors;Monitor 4k
981;Iphone 13;iPhone 13 Pro UX2T-DS;US$104;https://www.facebook.com/marketplace/item/4495447634009341/?ref=search&referral_code=null&referral_story_type=post&__tn__=!%3AD;https://shopee.com.br/search?keyword=iPhone%2013%20Pro%20UX2T-DS;Iphone 13
981;Perfume árabe;Castro Valley, CA;US$40;https://www.facebook.com/marketplace/item/744645068701457/?ref=search&referral_code=null&referral_story_type=post&tracking=browse_serp%3A172ec94d-57e8-4a33-b80a-8826a0698cdc&__tn__=!%3AD;https://shopee.com.br/search?keyword=Castro%20Valley,%20CA;Perfume árabe
981;Notebook dell;iphone 13 128gb -T moblie;US$200;https://www.facebook.com/marketplace/item/1426988232105462/?ref=search&referral_code=null&referral_story_type=post&tracking=browse_serp%3Ac678ce4c-8b5e-41d8-9bc6-077c10a2aa9e&__tn__=!%3AD;https://shopee.com.br/search?keyword=iphone%2013%20128gb%20-T%20moblie;Notebook dell
981;Creatina;Jocko Greens Coconut Pineapple Superfood Supplement - 30 Servings;US$15;https://www.facebook.com/marketplace/item/1804481300239936/?ref=search&referral_code=null&referral_story_type=post&tracking=browse_serp%3A8317c2e1-50e0-4cf2-8a07-f9a9e5dec437&__tn__=!%3AD;https://shopee.com.br/search?keyword=Jocko%20Greens%20Coconut%20Pineapple%20Superfood%20Supplement%20-%2030%20Servings;Creatina
981;Whey protein;Proteína y pre-workoud combo perfecto para el gym 💪;US$85;https://www.facebook.com/marketplace/item/1808186200584815/?ref=search&referral_code=null&referral_story_type=post&tracking=browse_serp%3A4e944566-3941-48c0-b254-9cdac29dc612&__tn__=!%3AD;https://shopee.com.br/search?keyword=Proteína%20y%20pre-workoud%20combo%20perfecto%20para%20el%20gym%20💪;Whey protein
980;Air fryer;8-Quart Gourmia Air Fryer with Window GUC;US$20;https://www.facebook.com/marketplace/item/1183988126815493/?ref=search&referral_code=null&referral_story_type=post&tracking=browse_serp%3Ab9845548-c428-4280-9e68-1b7a7c0bb2e3&__tn__=!%3AD;https://shopee.com.br/search?keyword=8-Quart%20Gourmia%20Air%20Fryer%20with%20Window%20GUC;Air fryer
980;Playstation 5;PLAYSTATION 5 PRO 2 TB;"US$680
US$720";https://www.facebook.com/marketplace/item/1237696651101721/?ref=search&referral_code=null&referral_story_type=post&tracking=browse_serp%3A507e14ac-c778-42d7-9483-34ef581f173f&__tn__=!%3AD;https://shopee.com.br/search?keyword=PLAYSTATION%205%20PRO%202%20TB;Playstation 5
980;Creatina;Vallejo, CA;US$20;https://www.facebook.com/marketplace/item/1911161339823968/?ref=search&referral_code=null&referral_story_type=post&tracking=browse_serp%3A8317c2e1-50e0-4cf2-8a07-f9a9e5dec437&__tn__=!%3AD;https://shopee.com.br/search?keyword=Vallejo,%20CA;Creatina
980;Smartwatch amoled;Smartwatch | Mobvoi TicWatch Pro 3 Ultra GPS – Used, Great Condition;"US$50
US$100";https://www.facebook.com/marketplace/item/1569760950930867/?ref=search&referral_code=null&referral_story_type=post&tracking=browse_serp%3A40957e6c-c122-49a9-8c1b-751ef7b5e50f&__tn__=!%3AD;https://shopee.com.br/search?keyword=Smartwatch%20|%20Mobvoi%20TicWatch%20Pro%203%20Ultra%20GPS%20–%20Used,%20Great%20Condition;Smartwatch amoled
980;Cafeteira nespresso;Nespresso Aeroccino;US$50;https://www.facebook.com/marketplace/item/1465097711621606/?ref=search&referral_code=null&referral_story_type=post&tracking=browse_serp%3A1766764e-d307-4529-b349-813521246ef5&__tn__=!%3AD;https://shopee.com.br/search?keyword=Nespresso%20Aeroccino;Cafeteira nespresso
980;Whey protein;True Nutrition Egg White Protein Powder chocolate peanut butter;US$10;https://www.facebook.com/marketplace/item/886673193738502/?ref=search&referral_code=null&referral_story_type=post&tracking=browse_serp%3A4e944566-3941-48c0-b254-9cdac29dc612&__tn__=!%3AD;https://shopee.com.br/search?keyword=True%20Nutrition%20Egg%20White%20Protein%20Powder%20chocolate%20peanut%20butter;Whey protein
980;Monitor 4k;Dell 34 Plus USB-C Curved Monitor - S3425DW - 34-inch ($420 on Amazon, $120 off);US$300;https://www.facebook.com/marketplace/item/1435620304965251/?ref=search&referral_code=null&referral_story_type=post&tracking=browse_serp%3A764b163f-6bf6-4f8c-ad9f-5e45651790df&__tn__=!%3AD;https://shopee.com.br/search?keyword=Dell%2034%20Plus%20USB-C%20Curved%20Monitor%20-%20S3425DW%20-%2034-inch%20($420%20on%20Amazon,%20$120%20off);Monitor 4k
980;Skincare;San Francisco, CA;US$1;https://www.facebook.com/marketplace/item/979886430930327/?ref=search&referral_code=null&referral_story_type=post&tracking=browse_serp%3Affb73c06-1907-423f-8f5e-26b5bc32e064&__tn__=!%3AD;https://shopee.com.br/search?keyword=San%20Francisco,%20CA;Skincare
980;Notebook dell;iPhone 13 Pro;"US$350
US$400";https://www.facebook.com/marketplace/item/892819476565187/?ref=search&referral_code=null&referral_story_type=post&tracking=browse_serp%3Ac678ce4c-8b5e-41d8-9bc6-077c10a2aa9e&__tn__=!%3AD;https://shopee.com.br/search?keyword=iPhone%2013%20Pro;Notebook dell
980;Perfume árabe;San Jose, CA;US$40;https://www.facebook.com/marketplace/item/885849180662429/?ref=search&referral_code=null&referral_story_type=post&tracking=browse_serp%3A172ec94d-57e8-4a33-b80a-8826a0698cdc&__tn__=!%3AD;https://shopee.com.br/search?keyword=San%20Jose,%20CA;Perfume árabe
980;Iphone 13;Apple iPhone 13 Pro Max 1TB in Silver for Unlocked F2FL-9B;US$103;https://www.facebook.com/marketplace/item/784427148011972/?ref=search&referral_code=null&referral_story_type=post&__tn__=!%3AD;https://shopee.com.br/search?keyword=Apple%20iPhone%2013%20Pro%20Max%201TB%20in%20Silver%20for%20Unlocked%20F2FL-9B;Iphone 13
979;Iphone 13;iPhone 13 Pro Unlocked 128 gig CUL9-NF;US$102;https://www.facebook.com/marketplace/item/756042153787302/?ref=search&referral_code=null&referral_story_type=post&__tn__=!%3AD;https://shopee.com.br/search?keyword=iPhone%2013%20Pro%20Unlocked%20128%20gig%20CUL9-NF;Iphone 13
979;Perfume árabe;BLEU DE CHANEL FRAGRANCE;"US$105
US$135";https://www.facebook.com/marketplace/item/1896419900994360/?ref=search&referral_code=null&referral_story_type=post&tracking=browse_serp%3A172ec94d-57e8-4a33-b80a-8826a0698cdc&__tn__=!%3AD;https://shopee.com.br/search?keyword=BLEU%20DE%20CHANEL%20FRAGRANCE;Perfume árabe
979;Whey protein;4 types of supplements;US$2;https://www.facebook.com/marketplace/item/2098498670933172/?ref=search&referral_code=null&referral_story_type=post&tracking=browse_serp%3A4e944566-3941-48c0-b254-9cdac29dc612&__tn__=!%3AD;https://shopee.com.br/search?keyword=4%20types%20of%20supplements;Whey protein
979;Monitor 4k;Dell U2718Q 27in 4K IPS monitor;US$40;https://www.facebook.com/marketplace/item/2234967930337624/?ref=search&referral_code=null&referral_story_type=post&tracking=browse_serp%3A764b163f-6bf6-4f8c-ad9f-5e45651790df&__tn__=!%3AD;https://shopee.com.br/search?keyword=Dell%20U2718Q%2027in%204K%20IPS%20monitor;Monitor 4k
979;Creatina;Barra de proteínas;Gratuito;https://www.facebook.com/marketplace/item/1235687455138616/?ref=search&referral_code=null&referral_story_type=post&tracking=browse_serp%3A8317c2e1-50e0-4cf2-8a07-f9a9e5dec437&__tn__=!%3AD;https://shopee.com.br/search?keyword=Barra%20de%20proteínas;Creatina
979;Cafeteira nespresso;Nespresso Machine in Great Condition;"US$50
US$70";https://www.facebook.com/marketplace/item/1750103962323938/?ref=search&referral_code=null&referral_story_type=post&tracking=browse_serp%3A1766764e-d307-4529-b349-813521246ef5&__tn__=!%3AD;https://shopee.com.br/search?keyword=Nespresso%20Machine%20in%20Great%20Condition;Cafeteira nespresso
979;Air fryer;Ninja Air Fryer;"US$35
US$45";https://www.facebook.com/marketplace/item/3481830785317536/?ref=search&referral_code=null&referral_story_type=post&tracking=browse_serp%3Ab9845548-c428-4280-9e68-1b7a7c0bb2e3&__tn__=!%3AD;https://shopee.com.br/search?keyword=Ninja%20Air%20Fryer;Air fryer
979;Smartwatch amoled;Sumsung Galaxy smart watch SM-R810 42mm Rose gold Bluetooth watch;US$80;https://www.facebook.com/marketplace/item/860075756795484/?ref=search&referral_code=null&referral_story_type=post&tracking=browse_serp%3A40957e6c-c122-49a9-8c1b-751ef7b5e50f&__tn__=!%3AD;https://shopee.com.br/search?keyword=Sumsung%20Galaxy%20smart%20watch%20SM-R810%2042mm%20Rose%20gold%20Bluetooth%20watch;Smartwatch amoled
979;Playstation 5;PlayStation 5￼;US$100;https://www.facebook.com/marketplace/item/2318070268641839/?ref=search&referral_code=null&referral_story_type=post&tracking=browse_serp%3A507e14ac-c778-42d7-9483-34ef581f173f&__tn__=!%3AD;https://shopee.com.br/search?keyword=PlayStation%205￼;Playstation 5
979;Notebook dell;Iphone 13 unlocked 128gb blue;US$240;https://www.facebook.com/marketplace/item/862110803104102/?ref=search&referral_code=null&referral_story_type=post&tracking=browse_serp%3Ac678ce4c-8b5e-41d8-9bc6-077c10a2aa9e&__tn__=!%3AD;https://shopee.com.br/search?keyword=Iphone%2013%20unlocked%20128gb%20blue;Notebook dell
979;Skincare;Silk’n Titan AllWays – At-Home Anti-Aging Skincare Device (Brand New);"US$125
US$140";https://www.facebook.com/marketplace/item/946288724389732/?ref=search&referral_code=null&referral_story_type=post&tracking=browse_serp%3Affb73c06-1907-423f-8f5e-26b5bc32e064&__tn__=!%3AD;https://shopee.com.br/search?keyword=Silk’n%20Titan%20AllWays%20–%20At-Home%20Anti-Aging%20Skincare%20Device%20(Brand%20New);Skincare
978;Iphone 13;Apple iPhone 13 Mini Unlocked 128 GB LYV7-SU;US$103;https://www.facebook.com/marketplace/item/1379095470687062/?ref=search&referral_code=null&referral_story_type=post&__tn__=!%3AD;https://shopee.com.br/search?keyword=Apple%20iPhone%2013%20Mini%20Unlocked%20128%20GB%20LYV7-SU;Iphone 13
978;Perfume árabe;Good Girl Blush by Carolina Herrera Eau De Parfum 80 ML Spray;US$70;https://www.facebook.com/marketplace/item/1533445398780943/?ref=search&referral_code=null&referral_story_type=post&tracking=browse_serp%3A172ec94d-57e8-4a33-b80a-8826a0698cdc&__tn__=!%3AD;https://shopee.com.br/search?keyword=Good%20Girl%20Blush%20by%20Carolina%20Herrera%20Eau%20De%20Parfum%2080%20ML%20Spray;Perfume árabe
978;Notebook dell;iPhone 13 Mini 128GB Green (Rare Color) Unlocked - Excellent Condition;US$275;https://www.facebook.com/marketplace/item/2963423673847962/?ref=search&referral_code=null&referral_story_type=post&tracking=browse_serp%3Ac678ce4c-8b5e-41d8-9bc6-077c10a2aa9e&__tn__=!%3AD;https://shopee.com.br/search?keyword=iPhone%2013%20Mini%20128GB%20Green%20(Rare%20Color)%20Unlocked%20-%20Excellent%20Condition;Notebook dell
978;Monitor 4k;🖥️ For Sale: Samsung 28” 4K UHD Monitor (UR55 Series);US$120;https://www.facebook.com/marketplace/item/3202463673246541/?ref=search&referral_code=null&referral_story_type=post&tracking=browse_serp%3A764b163f-6bf6-4f8c-ad9f-5e45651790df&__tn__=!%3AD;https://shopee.com.br/search?keyword=🖥️%20For%20Sale:%20Samsung%2028”%204K%20UHD%20Monitor%20(UR55%20Series);Monitor 4k
978;Whey protein;Oakland, CA;US$20;https://www.facebook.com/marketplace/item/1541235053831352/?ref=search&referral_code=null&referral_story_type=post&tracking=browse_serp%3A4e944566-3941-48c0-b254-9cdac29dc612&__tn__=!%3AD;https://shopee.com.br/search?keyword=Oakland,%20CA;Whey protein
978;Skincare;bigelow apothecaries skincare set;US$18;https://www.facebook.com/marketplace/item/663494983458449/?ref=search&referral_code=null&referral_story_type=post&tracking=browse_serp%3Affb73c06-1907-423f-8f5e-26b5bc32e064&__tn__=!%3AD;https://shopee.com.br/search?keyword=bigelow%20apothecaries%20skincare%20set;Skincare
978;Creatina;Hairevotion professional;US$18;https://www.facebook.com/marketplace/item/1530461518032433/?ref=search&referral_code=null&referral_story_type=post&tracking=browse_serp%3A8317c2e1-50e0-4cf2-8a07-f9a9e5dec437&__tn__=!%3AD;https://shopee.com.br/search?keyword=Hairevotion%20professional;Creatina
978;Cafeteira nespresso;Nespresso Vertuo Coffee Machine;US$60;https://www.facebook.com/marketplace/item/1204505975180866/?ref=search&referral_code=null&referral_story_type=post&tracking=browse_serp%3A1766764e-d307-4529-b349-813521246ef5&__tn__=!%3AD;https://shopee.com.br/search?keyword=Nespresso%20Vertuo%20Coffee%20Machine;Cafeteira nespresso
978;Air fryer;Manteca, CA;"US$30
US$40";https://www.facebook.com/marketplace/item/1532868891154772/?ref=search&referral_code=null&referral_story_type=post&tracking=browse_serp%3Ab9845548-c428-4280-9e68-1b7a7c0bb2e3&__tn__=!%3AD;https://shopee.com.br/search?keyword=Manteca,%20CA;Air fryer
978;Smartwatch amoled;Armitron Connect Matrix Smartwatch - Amoled Display - Black Magnetic Silicone Band;US$30;https://www.facebook.com/marketplace/item/3280238768810896/?ref=search&referral_code=null&referral_story_type=post&tracking=browse_serp%3A40957e6c-c122-49a9-8c1b-751ef7b5e50f&__tn__=!%3AD;https://shopee.com.br/search?keyword=Armitron%20Connect%20Matrix%20Smartwatch%20-%20Amoled%20Display%20-%20Black%20Magnetic%20Silicone%20Band;Smartwatch amoled
978;Playstation 5;Sony PlayStation 5 Digital Console 30th Anniversary Limited Edition;US$700;https://www.facebook.com/marketplace/item/1284768090116943/?ref=search&referral_code=null&referral_story_type=post&tracking=browse_serp%3A507e14ac-c778-42d7-9483-34ef581f173f&__tn__=!%3AD;https://shopee.com.br/search?keyword=Sony%20PlayStation%205%20Digital%20Console%2030th%20Anniversary%20Limited%20Edition;Playstation 5
977;Whey protein;Mre cookies and cream protein 12 pack;US$30;https://www.facebook.com/marketplace/item/1472947974175392/?ref=search&referral_code=null&referral_story_type=post&tracking=browse_serp%3A4e944566-3941-48c0-b254-9cdac29dc612&__tn__=!%3AD;https://shopee.com.br/search?keyword=Mre%20cookies%20and%20cream%20protein%2012%20pack;Whey protein
977;Creatina;Peach Perfect Creatine Powder;US$7;https://www.facebook.com/marketplace/item/1406109034353975/?ref=search&referral_code=null&referral_story_type=post&tracking=browse_serp%3A8317c2e1-50e0-4cf2-8a07-f9a9e5dec437&__tn__=!%3AD;https://shopee.com.br/search?keyword=Peach%20Perfect%20Creatine%20Powder;Creatina
977;Iphone 13;Apple iPhone 13 Pro Max 128 GB in Graphite Unlocked YCM3-VA;US$104;https://www.facebook.com/marketplace/item/1405411694384515/?ref=search&referral_code=null&referral_story_type=post&__tn__=!%3AD;https://shopee.com.br/search?keyword=Apple%20iPhone%2013%20Pro%20Max%20128%20GB%20in%20Graphite%20Unlocked%20YCM3-VA;Iphone 13
977;Perfume árabe;Vince Camuto perfume, perfume de mujer;US$25;https://www.facebook.com/marketplace/item/1671331864022485/?ref=search&referral_code=null&referral_story_type=post&tracking=browse_serp%3A172ec94d-57e8-4a33-b80a-8826a0698cdc&__tn__=!%3AD;https://shopee.com.br/search?keyword=Vince%20Camuto%20perfume,%20perfume%20de%20mujer;Perfume árabe
977;Smartwatch amoled;Samsung Gear S2 Smartwatch;US$45;https://www.facebook.com/marketplace/item/1432757498243691/?ref=search&referral_code=null&referral_story_type=post&tracking=browse_serp%3A40957e6c-c122-49a9-8c1b-751ef7b5e50f&__tn__=!%3AD;https://shopee.com.br/search?keyword=Samsung%20Gear%20S2%20Smartwatch;Smartwatch amoled
977;Playstation 5;Digital PlayStation 5;"US$450
US$500";https://www.facebook.com/marketplace/item/915145831177804/?ref=search&referral_code=null&referral_story_type=post&tracking=browse_serp%3A507e14ac-c778-42d7-9483-34ef581f173f&__tn__=!%3AD;https://shopee.com.br/search?keyword=Digital%20PlayStation%205;Playstation 5
977;Air fryer;Air fryer;"US$10
US$25";https://www.facebook.com/marketplace/item/1450533726691006/?ref=search&referral_code=null&referral_story_type=post&tracking=browse_serp%3Ab9845548-c428-4280-9e68-1b7a7c0bb2e3&__tn__=!%3AD;https://shopee.com.br/search?keyword=Air%20fryer;Air fryer
977;Cafeteira nespresso;De’Longhi Nespresso Espresso Machine – Works Great;"US$70
US$80";https://www.facebook.com/marketplace/item/1133463055383617/?ref=search&referral_code=null&referral_story_type=post&tracking=browse_serp%3A1766764e-d307-4529-b349-813521246ef5&__tn__=!%3AD;https://shopee.com.br/search?keyword=De’Longhi%20Nespresso%20Espresso%20Machine%20–%20Works%20Great;Cafeteira nespresso
977;Monitor 4k;"LG 27"" 1080p IPS Monitor";US$100;https://www.facebook.com/marketplace/item/2413634135732822/?ref=search&referral_code=null&referral_story_type=post&tracking=browse_serp%3A764b163f-6bf6-4f8c-ad9f-5e45651790df&__tn__=!%3AD;"https://shopee.com.br/search?keyword=LG%2027""%201080p%20IPS%20Monitor";Monitor 4k
977;Skincare;San Francisco, CA;US$25;https://www.facebook.com/marketplace/item/857929800158993/?ref=search&referral_code=null&referral_story_type=post&tracking=browse_serp%3Affb73c06-1907-423f-8f5e-26b5bc32e064&__tn__=!%3AD;https://shopee.com.br/search?keyword=San%20Francisco,%20CA;Skincare
976;Cafeteira nespresso;Nespresso Vertuo Line by Breville;"US$60
US$80";https://www.facebook.com/marketplace/item/854245393898993/?ref=search&referral_code=null&referral_story_type=post&tracking=browse_serp%3A1766764e-d307-4529-b349-813521246ef5&__tn__=!%3AD;https://shopee.com.br/search?keyword=Nespresso%20Vertuo%20Line%20by%20Breville;Cafeteira nespresso
976;Playstation 5;Playstation 5. Read Description;US$1;https://www.facebook.com/marketplace/item/1653040482772819/?ref=search&referral_code=null&referral_story_type=post&tracking=browse_serp%3A507e14ac-c778-42d7-9483-34ef581f173f&__tn__=!%3AD;https://shopee.com.br/search?keyword=Playstation%205.%20Read%20Description;Playstation 5
976;Monitor 4k;NEW - Dell 32-inch curved monitor (S3222DGM) with box - $190;"US$190
US$250";https://www.facebook.com/marketplace/item/890751226679328/?ref=search&referral_code=null&referral_story_type=post&tracking=browse_serp%3A764b163f-6bf6-4f8c-ad9f-5e45651790df&__tn__=!%3AD;https://shopee.com.br/search?keyword=NEW%20-%20Dell%2032-inch%20curved%20monitor%20(S3222DGM)%20with%20box%20-%20$190;Monitor 4k
976;Whey protein;Protein coffee with free mug;US$50;https://www.facebook.com/marketplace/item/2856080441253391/?ref=search&referral_code=null&referral_story_type=post&tracking=browse_serp%3A4e944566-3941-48c0-b254-9cdac29dc612&__tn__=!%3AD;https://shopee.com.br/search?keyword=Protein%20coffee%20with%20free%20mug;Whey protein
976;Creatina;South San Francisco, CA;US$35;https://www.facebook.com/marketplace/item/1508151180295020/?ref=search&referral_code=null&referral_story_type=post&tracking=browse_serp%3A8317c2e1-50e0-4cf2-8a07-f9a9e5dec437&__tn__=!%3AD;https://shopee.com.br/search?keyword=South%20San%20Francisco,%20CA;Creatina
976;Perfume árabe;Hayward, CA;US$5;https://www.facebook.com/marketplace/item/1445090076958055/?ref=search&referral_code=null&referral_story_type=post&tracking=browse_serp%3A172ec94d-57e8-4a33-b80a-8826a0698cdc&__tn__=!%3AD;https://shopee.com.br/search?keyword=Hayward,%20CA;Perfume árabe
976;Skincare;Skincare Overstock Sale CeraVe La Roche-Posay Neutrogena;US$10;https://www.facebook.com/marketplace/item/1968125593737993/?ref=search&referral_code=null&referral_story_type=post&tracking=browse_serp%3Affb73c06-1907-423f-8f5e-26b5bc32e064&__tn__=!%3AD;https://shopee.com.br/search?keyword=Skincare%20Overstock%20Sale%20CeraVe%20La%20Roche-Posay%20Neutrogena;Skincare
976;Air fryer;Merced, CA;US$30;https://www.facebook.com/marketplace/item/1401631867876894/?ref=search&referral_code=null&referral_story_type=post&tracking=browse_serp%3Ab9845548-c428-4280-9e68-1b7a7c0bb2e3&__tn__=!%3AD;https://shopee.com.br/search?keyword=Merced,%20CA;Air fryer
976;Smartwatch amoled;Citrus Heights, CA;US$35;https://www.facebook.com/marketplace/item/899021379376757/?ref=search&referral_code=null&referral_story_type=post&tracking=browse_serp%3A40957e6c-c122-49a9-8c1b-751ef7b5e50f&__tn__=!%3AD;https://shopee.com.br/search?keyword=Citrus%20Heights,%20CA;Smartwatch amoled
975;Smartwatch amoled;Samsung - Galaxy Watch FE Aluminum Smartwatch 40mm LTE - Black;"US$85
US$100";https://www.facebook.com/marketplace/item/919863193907337/?ref=search&referral_code=null&referral_story_type=post&tracking=browse_serp%3A40957e6c-c122-49a9-8c1b-751ef7b5e50f&__tn__=!%3AD;https://shopee.com.br/search?keyword=Samsung%20-%20Galaxy%20Watch%20FE%20Aluminum%20Smartwatch%2040mm%20LTE%20-%20Black;Smartwatch amoled
975;Air fryer;Gourmia 11-QT. Dual Basket Air Fryer EUC;US$45;https://www.facebook.com/marketplace/item/3265808253588894/?ref=search&referral_code=null&referral_story_type=post&tracking=browse_serp%3Ab9845548-c428-4280-9e68-1b7a7c0bb2e3&__tn__=!%3AD;https://shopee.com.br/search?keyword=Gourmia%2011-QT.%20Dual%20Basket%20Air%20Fryer%20EUC;Air fryer
975;Playstation 5;PlayStation 5;US$300;https://www.facebook.com/marketplace/item/859978826749023/?ref=search&referral_code=null&referral_story_type=post&tracking=browse_serp%3A507e14ac-c778-42d7-9483-34ef581f173f&__tn__=!%3AD;https://shopee.com.br/search?keyword=PlayStation%205;Playstation 5
975;Monitor 4k;27 inch 4k LG monitor;US$100;https://www.facebook.com/marketplace/item/919885297277224/?ref=search&referral_code=null&referral_story_type=post&tracking=browse_serp%3A764b163f-6bf6-4f8c-ad9f-5e45651790df&__tn__=!%3AD;https://shopee.com.br/search?keyword=27%20inch%204k%20LG%20monitor;Monitor 4k
975;Cafeteira nespresso;Nespresso Vertuo Chrome;US$50;https://www.facebook.com/marketplace/item/1502476434568927/?ref=search&referral_code=null&referral_story_type=post&tracking=browse_serp%3A1766764e-d307-4529-b349-813521246ef5&__tn__=!%3AD;https://shopee.com.br/search?keyword=Nespresso%20Vertuo%20Chrome;Cafeteira nespresso
975;Perfume árabe;NEST Perfumes set of 5;US$65;https://www.facebook.com/marketplace/item/2067483947326431/?ref=search&referral_code=null&referral_story_type=post&tracking=browse_serp%3A172ec94d-57e8-4a33-b80a-8826a0698cdc&__tn__=!%3AD;https://shopee.com.br/search?keyword=NEST%20Perfumes%20set%20of%205;Perfume árabe
975;Skincare;[Brand New] The Ordinary Glycolic Acid 7% Exfoliating Toner;"US$11
US$14";https://www.facebook.com/marketplace/item/925140279982317/?ref=search&referral_code=null&referral_story_type=post&tracking=browse_serp%3Affb73c06-1907-423f-8f5e-26b5bc32e064&__tn__=!%3AD;https://shopee.com.br/search?keyword=[Brand%20New]%20The%20Ordinary%20Glycolic%20Acid%207%%20Exfoliating%20Toner;Skincare
975;Creatina;Suplementos Naturales ☘️;US$50;https://www.facebook.com/marketplace/item/750973501348516/?ref=search&referral_code=null&referral_story_type=post&tracking=browse_serp%3A8317c2e1-50e0-4cf2-8a07-f9a9e5dec437&__tn__=!%3AD;https://shopee.com.br/search?keyword=Suplementos%20Naturales%20☘️;Creatina
975;Whey protein;Isopure dutch chocolate protein;US$50;https://www.facebook.com/marketplace/item/1035021692172038/?ref=search&referral_code=null&referral_story_type=post&tracking=browse_serp%3A4e944566-3941-48c0-b254-9cdac29dc612&__tn__=!%3AD;https://shopee.com.br/search?keyword=Isopure%20dutch%20chocolate%20protein;Whey protein
974;Cafeteira nespresso;Nespresso Vertuo Next Coffee and Espresso Machine by De'Longhi;US$110;https://www.facebook.com/marketplace/item/1217449160339132/?ref=search&referral_code=null&referral_story_type=post&tracking=browse_serp%3A1766764e-d307-4529-b349-813521246ef5&__tn__=!%3AD;https://shopee.com.br/search?keyword=Nespresso%20Vertuo%20Next%20Coffee%20and%20Espresso%20Machine%20by%20De'Longhi;Cafeteira nespresso
974;Playstation 5;Playstation 5 slim digital edition with 1TB storage, 2 controller;US$399;https://www.facebook.com/marketplace/item/1390230089247966/?ref=search&referral_code=null&referral_story_type=post&tracking=browse_serp%3A507e14ac-c778-42d7-9483-34ef581f173f&__tn__=!%3AD;https://shopee.com.br/search?keyword=Playstation%205%20slim%20digital%20edition%20with%201TB%20storage,%202%20controller;Playstation 5
974;Smartwatch amoled;Samsung Galaxy watch 4 classic stainless steel smartwatch 44 mm;US$60;https://www.facebook.com/marketplace/item/25803025796054657/?ref=search&referral_code=null&referral_story_type=post&tracking=browse_serp%3A40957e6c-c122-49a9-8c1b-751ef7b5e50f&__tn__=!%3AD;https://shopee.com.br/search?keyword=Samsung%20Galaxy%20watch%204%20classic%20stainless%20steel%20smartwatch%2044%20mm;Smartwatch amoled
974;Perfume árabe;Perfumes de mujer;US$25;https://www.facebook.com/marketplace/item/1555019462498294/?ref=search&referral_code=null&referral_story_type=post&tracking=browse_serp%3A172ec94d-57e8-4a33-b80a-8826a0698cdc&__tn__=!%3AD;https://shopee.com.br/search?keyword=Perfumes%20de%20mujer;Perfume árabe
974;Monitor 4k;"LG 27UP650K-W Monitor 27"" Ultrafino 4K UHD";US$150;https://www.facebook.com/marketplace/item/749457581145963/?ref=search&referral_code=null&referral_story_type=post&tracking=browse_serp%3A764b163f-6bf6-4f8c-ad9f-5e45651790df&__tn__=!%3AD;"https://shopee.com.br/search?keyword=LG%2027UP650K-W%20Monitor%2027""%20Ultrafino%204K%20UHD";Monitor 4k
974;Creatina;Natural Vitality Magnesium Drink;US$12;https://www.facebook.com/marketplace/item/1214515946724483/?ref=search&referral_code=null&referral_story_type=post&tracking=browse_serp%3A8317c2e1-50e0-4cf2-8a07-f9a9e5dec437&__tn__=!%3AD;https://shopee.com.br/search?keyword=Natural%20Vitality%20Magnesium%20Drink;Creatina
974;Air fryer;New inbox air fryer;"US$100
US$120";https://www.facebook.com/marketplace/item/1424585739461456/?ref=search&referral_code=null&referral_story_type=post&tracking=browse_serp%3Ab9845548-c428-4280-9e68-1b7a7c0bb2e3&__tn__=!%3AD;https://shopee.com.br/search?keyword=New%20inbox%20air%20fryer;Air fryer
974;Whey protein;Protein Snacks;Gratuito;https://www.facebook.com/marketplace/item/863746300014991/?ref=search&referral_code=null&referral_story_type=post&tracking=browse_serp%3A4e944566-3941-48c0-b254-9cdac29dc612&__tn__=!%3AD;https://shopee.com.br/search?keyword=Protein%20Snacks;Whey protein
973;Perfume árabe;Fragrances New;US$100;https://www.facebook.com/marketplace/item/1295734529002151/?ref=search&referral_code=null&referral_story_type=post&tracking=browse_serp%3A172ec94d-57e8-4a33-b80a-8826a0698cdc&__tn__=!%3AD;https://shopee.com.br/search?keyword=Fragrances%20New;Perfume árabe
973;Smartwatch amoled;Amazfit Bip 3 Pro Smart Watch, Customizable Watch Faces and Straps;US$30;https://www.facebook.com/marketplace/item/1511639110543771/?ref=search&referral_code=null&referral_story_type=post&tracking=browse_serp%3A40957e6c-c122-49a9-8c1b-751ef7b5e50f&__tn__=!%3AD;https://shopee.com.br/search?keyword=Amazfit%20Bip%203%20Pro%20Smart%20Watch,%20Customizable%20Watch%20Faces%20and%20Straps;Smartwatch amoled
973;Monitor 4k;LG 27US500-W Ultrafine Monitor 27-Inch 4K UHD;US$150;https://www.facebook.com/marketplace/item/1404909067974053/?ref=search&referral_code=null&referral_story_type=post&tracking=browse_serp%3A764b163f-6bf6-4f8c-ad9f-5e45651790df&__tn__=!%3AD;https://shopee.com.br/search?keyword=LG%2027US500-W%20Ultrafine%20Monitor%2027-Inch%204K%20UHD;Monitor 4k
973;Creatina;Malteada / Proteína Y mas;US$60;https://www.facebook.com/marketplace/item/812738554968205/?ref=search&referral_code=null&referral_story_type=post&tracking=browse_serp%3A8317c2e1-50e0-4cf2-8a07-f9a9e5dec437&__tn__=!%3AD;https://shopee.com.br/search?keyword=Malteada%20/%20Proteína%20Y%20mas;Creatina
973;Whey protein;Black Magic Protein Drink;US$30;https://www.facebook.com/marketplace/item/909485928143171/?ref=search&referral_code=null&referral_story_type=post&tracking=browse_serp%3A4e944566-3941-48c0-b254-9cdac29dc612&__tn__=!%3AD;https://shopee.com.br/search?keyword=Black%20Magic%20Protein%20Drink;Whey protein
973;Playstation 5;🎮 PlayStation 5;US$399;https://www.facebook.com/marketplace/item/1352310440268733/?ref=search&referral_code=null&referral_story_type=post&tracking=browse_serp%3A507e14ac-c778-42d7-9483-34ef581f173f&__tn__=!%3AD;https://shopee.com.br/search?keyword=🎮%20PlayStation%205;Playstation 5
973;Air fryer;Elite Gourmet Black Air Fryer Oven - NEW;US$125;https://www.facebook.com/marketplace/item/1204035811804222/?ref=search&referral_code=null&referral_story_type=post&tracking=browse_serp%3Ab9845548-c428-4280-9e68-1b7a7c0bb2e3&__tn__=!%3AD;https://shopee.com.br/search?keyword=Elite%20Gourmet%20Black%20Air%20Fryer%20Oven%20-%20NEW;Air fryer
973;Cafeteira nespresso;L'or Barista Espresso Machine White Nespresso Compatible;US$75;https://www.facebook.com/marketplace/item/874158478806800/?ref=search&referral_code=null&referral_story_type=post&tracking=browse_serp%3A1766764e-d307-4529-b349-813521246ef5&__tn__=!%3AD;https://shopee.com.br/search?keyword=L'or%20Barista%20Espresso%20Machine%20White%20Nespresso%20Compatible;Cafeteira nespresso
972;Air fryer;Daly City, CA;"US$25
US$35";https://www.facebook.com/marketplace/item/821257560314164/?ref=search&referral_code=null&referral_story_type=post&tracking=browse_serp%3Ab9845548-c428-4280-9e68-1b7a7c0bb2e3&__tn__=!%3AD;https://shopee.com.br/search?keyword=Daly%20City,%20CA;Air fryer
972;Creatina;NowSports Whey Protein 10lb Creamy Chocolate flavor;US$100;https://www.facebook.com/marketplace/item/2338277883344604/?ref=search&referral_code=null&referral_story_type=post&tracking=browse_serp%3A8317c2e1-50e0-4cf2-8a07-f9a9e5dec437&__tn__=!%3AD;https://shopee.com.br/search?keyword=NowSports%20Whey%20Protein%2010lb%20Creamy%20Chocolate%20flavor;Creatina
972;Cafeteira nespresso;San Pablo, CA;US$50;https://www.facebook.com/marketplace/item/2349614972180224/?ref=search&referral_code=null&referral_story_type=post&tracking=browse_serp%3A1766764e-d307-4529-b349-813521246ef5&__tn__=!%3AD;https://shopee.com.br/search?keyword=San%20Pablo,%20CA;Cafeteira nespresso
972;Perfume árabe;Perfumes originales;US$100;https://www.facebook.com/marketplace/item/887013313713141/?ref=search&referral_code=null&referral_story_type=post&tracking=browse_serp%3A172ec94d-57e8-4a33-b80a-8826a0698cdc&__tn__=!%3AD;https://shopee.com.br/search?keyword=Perfumes%20originales;Perfume árabe
972;Smartwatch amoled;Galaxy 4 watch with charger.;US$60;https://www.facebook.com/marketplace/item/26142491845355475/?ref=search&referral_code=null&referral_story_type=post&tracking=browse_serp%3A40957e6c-c122-49a9-8c1b-751ef7b5e50f&__tn__=!%3AD;https://shopee.com.br/search?keyword=Galaxy%204%20watch%20with%20charger.;Smartwatch amoled
972;Whey protein;Premier Protein Powder – Vanilla (35 Servings) – Opened Pack;US$40;https://www.facebook.com/marketplace/item/2094270784441632/?ref=search&referral_code=null&referral_story_type=post&tracking=browse_serp%3A4e944566-3941-48c0-b254-9cdac29dc612&__tn__=!%3AD;https://shopee.com.br/search?keyword=Premier%20Protein%20Powder%20–%20Vanilla%20(35%20Servings)%20–%20Opened%20Pack;Whey protein
972;Monitor 4k;Monitor samsung;US$20;https://www.facebook.com/marketplace/item/2698717263814574/?ref=search&referral_code=null&referral_story_type=post&tracking=browse_serp%3A764b163f-6bf6-4f8c-ad9f-5e45651790df&__tn__=!%3AD;https://shopee.com.br/search?keyword=Monitor%20samsung;Monitor 4k
972;Playstation 5;PlayStation 5 Digital J3LN-D2;US$103;https://www.facebook.com/marketplace/item/1224413249755076/?ref=search&referral_code=null&referral_story_type=post&tracking=browse_serp%3A507e14ac-c778-42d7-9483-34ef581f173f&__tn__=!%3AD;https://shopee.com.br/search?keyword=PlayStation%205%20Digital%20J3LN-D2;Playstation 5
971;Cafeteira nespresso;South San Francisco, CA;US$400;https://www.facebook.com/marketplace/item/1087320606853740/?ref=search&referral_code=null&referral_story_type=post&tracking=browse_serp%3A1766764e-d307-4529-b349-813521246ef5&__tn__=!%3AD;https://shopee.com.br/search?keyword=South%20San%20Francisco,%20CA;Cafeteira nespresso
971;Creatina;Nutricion completa suplementos Adaptageno;US$110;https://www.facebook.com/marketplace/item/1426296145761369/?ref=search&referral_code=null&referral_story_type=post&tracking=browse_serp%3A8317c2e1-50e0-4cf2-8a07-f9a9e5dec437&__tn__=!%3AD;https://shopee.com.br/search?keyword=Nutricion%20completa%20suplementos%20Adaptageno;Creatina
971;Whey protein;Hi-Tech 100% Whey Protein Isolate: Honey granola, PB chocolate, vanilla, chocolate, strawberry, etc.;US$50;https://www.facebook.com/marketplace/item/1729419331069639/?ref=search&referral_code=null&referral_story_type=post&tracking=browse_serp%3A4e944566-3941-48c0-b254-9cdac29dc612&__tn__=!%3AD;https://shopee.com.br/search?keyword=Hi-Tech%20100%%20Whey%20Protein%20Isolate:%20Honey%20granola,%20PB%20chocolate,%20vanilla,%20chocolate,%20strawberry,%20etc.;Whey protein
971;Air fryer;Air fryer usado buen estado;"US$45
US$60";https://www.facebook.com/marketplace/item/715649471319819/?ref=search&referral_code=null&referral_story_type=post&tracking=browse_serp%3Ab9845548-c428-4280-9e68-1b7a7c0bb2e3&__tn__=!%3AD;https://shopee.com.br/search?keyword=Air%20fryer%20%20buen%20estado;Air fryer
971;Perfume árabe;Perfumes árabes huelen súper rico pregunté por los precios .solo preguntas serias…;Gratuito;https://www.facebook.com/marketplace/item/870232079081216/?ref=search&referral_code=null&referral_story_type=post&tracking=browse_serp%3A172ec94d-57e8-4a33-b80a-8826a0698cdc&__tn__=!%3AD;https://shopee.com.br/search?keyword=Perfumes%20árabes%20huelen%20súper%20rico%20pregunté%20por%20los%20precios%20.solo%20preguntas%20serias…;Perfume árabe
971;Monitor 4k;samsung m7 smart monitor 32inch 4k;US$190;https://www.facebook.com/marketplace/item/905269718774655/?ref=search&referral_code=null&referral_story_type=post&tracking=browse_serp%3A764b163f-6bf6-4f8c-ad9f-5e45651790df&__tn__=!%3AD;https://shopee.com.br/search?keyword=samsung%20m7%20smart%20monitor%2032inch%204k;Monitor 4k
971;Playstation 5;San Francisco, CA;US$200;https://www.facebook.com/marketplace/item/1203267984762828/?ref=search&referral_code=null&referral_story_type=post&tracking=browse_serp%3A507e14ac-c778-42d7-9483-34ef581f173f&__tn__=!%3AD;https://shopee.com.br/search?keyword=San%20Francisco,%20CA;Playstation 5
971;Smartwatch amoled;Brand New Sealed Samsung Galaxy Watch6 47mm Bluetooth and WiFi Smart Watch, Black SM-R960NZKAXAA;US$190;https://www.facebook.com/marketplace/item/1201302344886151/?ref=search&referral_code=null&referral_story_type=post&tracking=browse_serp%3A40957e6c-c122-49a9-8c1b-751ef7b5e50f&__tn__=!%3AD;https://shopee.com.br/search?keyword=Brand%20New%20Sealed%20Samsung%20Galaxy%20Watch6%2047mm%20Bluetooth%20and%20WiFi%20Smart%20Watch,%20Black%20SM-R960NZKAXAA;Smartwatch amoled
970;Smartwatch amoled;Amazfit T-Rex 2 Smart Watch;"US$120
US$165";https://www.facebook.com/marketplace/item/1648951533150683/?ref=search&referral_code=null&referral_story_type=post&tracking=browse_serp%3A40957e6c-c122-49a9-8c1b-751ef7b5e50f&__tn__=!%3AD;https://shopee.com.br/search?keyword=Amazfit%20T-Rex%202%20Smart%20Watch;Smartwatch amoled
970;Playstation 5;PLAYSTATION 5 SLIM;US$200;https://www.facebook.com/marketplace/item/4177434929251242/?ref=search&referral_code=null&referral_story_type=post&tracking=browse_serp%3A507e14ac-c778-42d7-9483-34ef581f173f&__tn__=!%3AD;https://shopee.com.br/search?keyword=PLAYSTATION%205%20SLIM;Playstation 5
970;Monitor 4k;"32"" Samsung Odyssey OLED G8 G81SF 4K 240Hz Gaming Monitor";US$850;https://www.facebook.com/marketplace/item/1442580607574410/?ref=search&referral_code=null&referral_story_type=post&tracking=browse_serp%3A764b163f-6bf6-4f8c-ad9f-5e45651790df&__tn__=!%3AD;"https://shopee.com.br/search?keyword=32""%20Samsung%20Odyssey%20OLED%20G8%20G81SF%204K%20240Hz%20Gaming%20Monitor";Monitor 4k
970;Whey protein;Creatine gummies. 2 pack, 60 per pack, 120 total.;US$20;https://www.facebook.com/marketplace/item/1921931138723092/?ref=search&referral_code=null&referral_story_type=post&tracking=browse_serp%3A4e944566-3941-48c0-b254-9cdac29dc612&__tn__=!%3AD;https://shopee.com.br/search?keyword=Creatine%20gummies.%202%20pack,%2060%20per%20pack,%20120%20total.;Whey protein
970;Creatina;Oakland, CA;US$28;https://www.facebook.com/marketplace/item/1325978035400806/?ref=search&referral_code=null&referral_story_type=post&tracking=browse_serp%3A8317c2e1-50e0-4cf2-8a07-f9a9e5dec437&__tn__=!%3AD;https://shopee.com.br/search?keyword=Oakland,%20CA;Creatina
970;Perfume árabe;YSL Black Opium Extreme Perfume 90ml, over half remaining ￼;"US$40
US$60";https://www.facebook.com/marketplace/item/1366182405257293/?ref=search&referral_code=null&referral_story_type=post&tracking=browse_serp%3A172ec94d-57e8-4a33-b80a-8826a0698cdc&__tn__=!%3AD;https://shopee.com.br/search?keyword=YSL%20Black%20Opium%20Extreme%20Perfume%2090ml,%20over%20half%20remaining%20￼;Perfume árabe
970;Air fryer;Power XL 3QT air fryer;US$30;https://www.facebook.com/marketplace/item/25140944172271299/?ref=search&referral_code=null&referral_story_type=post&tracking=browse_serp%3Ab9845548-c428-4280-9e68-1b7a7c0bb2e3&__tn__=!%3AD;https://shopee.com.br/search?keyword=Power%20XL%203QT%20air%20fryer;Air fryer
970;Cafeteira nespresso;Breville ® Barista Express ® Espresso Machine;US$250;https://www.facebook.com/marketplace/item/2209926052746513/?ref=search&referral_code=null&referral_story_type=post&tracking=browse_serp%3A1766764e-d307-4529-b349-813521246ef5&__tn__=!%3AD;https://shopee.com.br/search?keyword=Breville%20®%20Barista%20Express%20®%20Espresso%20Machine;Cafeteira nespresso
969;Whey protein;Strawberry protein powder;US$199;https://www.facebook.com/marketplace/item/1396432785433618/?ref=search&referral_code=null&referral_story_type=post&tracking=browse_serp%3A4e944566-3941-48c0-b254-9cdac29dc612&__tn__=!%3AD;https://shopee.com.br/search?keyword=Strawberry%20protein%20powder;Whey protein
969;Monitor 4k;HP 4K Monitor 27f;"US$180
US$250";https://www.facebook.com/marketplace/item/1147688470617033/?ref=search&referral_code=null&referral_story_type=post&tracking=browse_serp%3A764b163f-6bf6-4f8c-ad9f-5e45651790df&__tn__=!%3AD;https://shopee.com.br/search?keyword=HP%204K%20Monitor%2027f;Monitor 4k
969;Smartwatch amoled;Samsung watch 4;"US$50
US$75";https://www.facebook.com/marketplace/item/695852980211978/?ref=search&referral_code=null&referral_story_type=post&tracking=browse_serp%3A40957e6c-c122-49a9-8c1b-751ef7b5e50f&__tn__=!%3AD;https://shopee.com.br/search?keyword=Samsung%20watch%204;Smartwatch amoled
969;Playstation 5;PlayStation 5 Slim Console - PlayStation 5;US$100;https://www.facebook.com/marketplace/item/828038083605341/?ref=search&referral_code=null&referral_story_type=post&tracking=browse_serp%3A507e14ac-c778-42d7-9483-34ef581f173f&__tn__=!%3AD;https://shopee.com.br/search?keyword=PlayStation%205%20Slim%20Console%20-%20PlayStation%205;Playstation 5
969;Perfume árabe;Vallejo, CA;US$100;https://www.facebook.com/marketplace/item/1222598473357207/?ref=search&referral_code=null&referral_story_type=post&tracking=browse_serp%3A172ec94d-57e8-4a33-b80a-8826a0698cdc&__tn__=!%3AD;https://shopee.com.br/search?keyword=Vallejo,%20CA;Perfume árabe
969;Cafeteira nespresso;Breville Barista Pro Espresso Machine;US$450;https://www.facebook.com/marketplace/item/929127932976590/?ref=search&referral_code=null&referral_story_type=post&tracking=browse_serp%3A1766764e-d307-4529-b349-813521246ef5&__tn__=!%3AD;https://shopee.com.br/search?keyword=Breville%20Barista%20Pro%20Espresso%20Machine;Cafeteira nespresso
969;Creatina;VEICK Resistance Bands;US$10;https://www.facebook.com/marketplace/item/4293309734268417/?ref=search&referral_code=null&referral_story_type=post&tracking=browse_serp%3A8317c2e1-50e0-4cf2-8a07-f9a9e5dec437&__tn__=!%3AD;https://shopee.com.br/search?keyword=VEICK%20Resistance%20Bands;Creatina
969;Air fryer;Air fryer $30 OBO;"US$30
US$60";https://www.facebook.com/marketplace/item/1366856571885273/?ref=search&referral_code=null&referral_story_type=post&tracking=browse_serp%3Ab9845548-c428-4280-9e68-1b7a7c0bb2e3&__tn__=!%3AD;https://shopee.com.br/search?keyword=Air%20fryer%20$30%20OBO;Air fryer
968;Cafeteira nespresso;Espresso Machine;"US$75
US$100";https://www.facebook.com/marketplace/item/1518139772586553/?ref=search&referral_code=null&referral_story_type=post&tracking=browse_serp%3A1766764e-d307-4529-b349-813521246ef5&__tn__=!%3AD;https://shopee.com.br/search?keyword=Espresso%20Machine;Cafeteira nespresso
968;Air fryer;Corsi small air fryer;US$20;https://www.facebook.com/marketplace/item/1327158305809123/?ref=search&referral_code=null&referral_story_type=post&tracking=browse_serp%3Ab9845548-c428-4280-9e68-1b7a7c0bb2e3&__tn__=!%3AD;https://shopee.com.br/search?keyword=Corsi%20small%20air%20fryer;Air fryer
968;Creatina;Gym, nutrición;US$20;https://www.facebook.com/marketplace/item/707030395666595/?ref=search&referral_code=null&referral_story_type=post&tracking=browse_serp%3A8317c2e1-50e0-4cf2-8a07-f9a9e5dec437&__tn__=!%3AD;https://shopee.com.br/search?keyword=Gym,%20nutrición;Creatina
968;Perfume árabe;OUAI fragrance mist set;US$15;https://www.facebook.com/marketplace/item/751221580906163/?ref=search&referral_code=null&referral_story_type=post&tracking=browse_serp%3A172ec94d-57e8-4a33-b80a-8826a0698cdc&__tn__=!%3AD;https://shopee.com.br/search?keyword=OUAI%20fragrance%20mist%20set;Perfume árabe
968;Smartwatch amoled;Garmin Venu Smartwatch;US$220;https://www.facebook.com/marketplace/item/1233906171944602/?ref=search&referral_code=null&referral_story_type=post&tracking=browse_serp%3A40957e6c-c122-49a9-8c1b-751ef7b5e50f&__tn__=!%3AD;https://shopee.com.br/search?keyword=Garmin%20Venu%20Smartwatch;Smartwatch amoled
968;Playstation 5;Playstation 5;"US$300
US$350";https://www.facebook.com/marketplace/item/1709160950048474/?ref=search&referral_code=null&referral_story_type=post&tracking=browse_serp%3A507e14ac-c778-42d7-9483-34ef581f173f&__tn__=!%3AD;https://shopee.com.br/search?keyword=Playstation%205;Playstation 5
968;Monitor 4k;LG 34GS95QE 34-inch Ultragear OLED Curved Gaming Monitor WQHD 1440p 800R 240Hz;US$350;https://www.facebook.com/marketplace/item/860367463440175/?ref=search&referral_code=null&referral_story_type=post&tracking=browse_serp%3A764b163f-6bf6-4f8c-ad9f-5e45651790df&__tn__=!%3AD;https://shopee.com.br/search?keyword=LG%2034GS95QE%2034-inch%20Ultragear%20OLED%20Curved%20Gaming%20Monitor%20WQHD%201440p%20800R%20240Hz;Monitor 4k
968;Whey protein;Sealed Premier Protein 15 pack / 30g protein each shake - limited stock available - sells out quick!;US$25;https://www.facebook.com/marketplace/item/2637170966652531/?ref=search&referral_code=null&referral_story_type=post&tracking=browse_serp%3A4e944566-3941-48c0-b254-9cdac29dc612&__tn__=!%3AD;https://shopee.com.br/search?keyword=Sealed%20Premier%20Protein%2015%20pack%20/%2030g%20protein%20each%20shake%20-%20limited%20stock%20available%20-%20sells%20out%20quick!;Whey protein
967;Creatina;💪🏻 Proteína Vida Pure;US$100;https://www.facebook.com/marketplace/item/870391295684003/?ref=search&referral_code=null&referral_story_type=post&tracking=browse_serp%3A8317c2e1-50e0-4cf2-8a07-f9a9e5dec437&__tn__=!%3AD;https://shopee.com.br/search?keyword=💪🏻%20Proteína%20Vida%20Pure;Creatina
967;Cafeteira nespresso;KRUPS espresso machine;US$20;https://www.facebook.com/marketplace/item/2226485157757036/?ref=search&referral_code=null&referral_story_type=post&tracking=browse_serp%3A1766764e-d307-4529-b349-813521246ef5&__tn__=!%3AD;https://shopee.com.br/search?keyword=KRUPS%20espresso%20machine;Cafeteira nespresso
967;Whey protein;Hercules, CA;US$25;https://www.facebook.com/marketplace/item/873570958354312/?ref=search&referral_code=null&referral_story_type=post&tracking=browse_serp%3A4e944566-3941-48c0-b254-9cdac29dc612&__tn__=!%3AD;https://shopee.com.br/search?keyword=Hercules,%20CA;Whey protein
967;Air fryer;Dreo air fryer;US$35;https://www.facebook.com/marketplace/item/1862332667980761/?ref=search&referral_code=null&referral_story_type=post&tracking=browse_serp%3Ab9845548-c428-4280-9e68-1b7a7c0bb2e3&__tn__=!%3AD;https://shopee.com.br/search?keyword=Dreo%20air%20fryer;Air fryer
967;Perfume árabe;Perfumes minis;US$35;https://www.facebook.com/marketplace/item/885035631036039/?ref=search&referral_code=null&referral_story_type=post&tracking=browse_serp%3A172ec94d-57e8-4a33-b80a-8826a0698cdc&__tn__=!%3AD;https://shopee.com.br/search?keyword=Perfumes%20minis;Perfume árabe
967;Monitor 4k;LG 32BN88U-B 31.5” IPS 4K Professional Monitors (Two);"US$350
US$400";https://www.facebook.com/marketplace/item/756966817170781/?ref=search&referral_code=null&referral_story_type=post&tracking=browse_serp%3A764b163f-6bf6-4f8c-ad9f-5e45651790df&__tn__=!%3AD;https://shopee.com.br/search?keyword=LG%2032BN88U-B%2031.5”%20IPS%204K%20Professional%20Monitors%20(Two);Monitor 4k
967;Playstation 5;Sony Playstation 5 Digital Console Black Ops 6 Edition M1154;US$99;https://www.facebook.com/marketplace/item/933652832421808/?ref=search&referral_code=null&referral_story_type=post&tracking=browse_serp%3A507e14ac-c778-42d7-9483-34ef581f173f&__tn__=!%3AD;https://shopee.com.br/search?keyword=Sony%20Playstation%205%20Digital%20Console%20Black%20Ops%206%20Edition%20M1154;Playstation 5
967;Smartwatch amoled;Garmin Vivoactive 4;US$100;https://www.facebook.com/marketplace/item/1193807718844780/?ref=search&referral_code=null&referral_story_type=post&tracking=browse_serp%3A40957e6c-c122-49a9-8c1b-751ef7b5e50f&__tn__=!%3AD;https://shopee.com.br/search?keyword=Garmin%20Vivoactive%204;Smartwatch amoled
966;Monitor 4k;"Sceptre 34"" Curved Monitor";US$199;https://www.facebook.com/marketplace/item/1438283411131579/?ref=search&referral_code=null&referral_story_type=post&tracking=browse_serp%3A764b163f-6bf6-4f8c-ad9f-5e45651790df&__tn__=!%3AD;"https://shopee.com.br/search?keyword=Sceptre%2034""%20Curved%20Monitor";Monitor 4k
966;Whey protein;Boost very high calorie proteina chocolate;US$30;https://www.facebook.com/marketplace/item/914816891017844/?ref=search&referral_code=null&referral_story_type=post&tracking=browse_serp%3A4e944566-3941-48c0-b254-9cdac29dc612&__tn__=!%3AD;https://shopee.com.br/search?keyword=Boost%20very%20high%20calorie%20proteina%20chocolate;Whey protein
966;Cafeteira nespresso;Automatic Espresso Coffee Machine – Red Matte;US$385;https://www.facebook.com/marketplace/item/878457688360831/?ref=search&referral_code=null&referral_story_type=post&tracking=browse_serp%3A1766764e-d307-4529-b349-813521246ef5&__tn__=!%3AD;https://shopee.com.br/search?keyword=Automatic%20Espresso%20Coffee%20Machine%20–%20Red%20Matte;Cafeteira nespresso
966;Creatina;Protein powder;US$40;https://www.facebook.com/marketplace/item/2653956138323709/?ref=search&referral_code=null&referral_story_type=post&tracking=browse_serp%3A8317c2e1-50e0-4cf2-8a07-f9a9e5dec437&__tn__=!%3AD;https://shopee.com.br/search?keyword=Protein%20powder;Creatina
966;Air fryer;10.6 Quart Air fryer;US$50;https://www.facebook.com/marketplace/item/1334586731754269/?ref=search&referral_code=null&referral_story_type=post&tracking=browse_serp%3Ab9845548-c428-4280-9e68-1b7a7c0bb2e3&__tn__=!%3AD;https://shopee.com.br/search?keyword=10.6%20Quart%20Air%20fryer;Air fryer
966;Playstation 5;PlayStation 5 Pro NEW NEVER OPENED;US$720;https://www.facebook.com/marketplace/item/1101614075341084/?ref=search&referral_code=null&referral_story_type=post&tracking=browse_serp%3A507e14ac-c778-42d7-9483-34ef581f173f&__tn__=!%3AD;https://shopee.com.br/search?keyword=PlayStation%205%20Pro%20NEW%20NEVER%20OPENED;Playstation 5
966;Smartwatch amoled;Garmin Venu GPS Smartwatch;"US$200
US$300";https://www.facebook.com/marketplace/item/1608348333669511/?ref=search&referral_code=null&referral_story_type=post&tracking=browse_serp%3A40957e6c-c122-49a9-8c1b-751ef7b5e50f&__tn__=!%3AD;https://shopee.com.br/search?keyword=Garmin%20Venu%20GPS%20Smartwatch;Smartwatch amoled
966;Perfume árabe;Armani cologne;US$75;https://www.facebook.com/marketplace/item/1840862466536639/?ref=search&referral_code=null&referral_story_type=post&tracking=browse_serp%3A172ec94d-57e8-4a33-b80a-8826a0698cdc&__tn__=!%3AD;https://shopee.com.br/search?keyword=Armani%20cologne;Perfume árabe
965;Playstation 5;PlayStation 5 Slim Console - PlayStation 5;US$99;https://www.facebook.com/marketplace/item/1728741638103893/?ref=search&referral_code=null&referral_story_type=post&tracking=browse_serp%3A507e14ac-c778-42d7-9483-34ef581f173f&__tn__=!%3AD;https://shopee.com.br/search?keyword=PlayStation%205%20Slim%20Console%20-%20PlayStation%205;Playstation 5
965;Air fryer;Philips Airfryer HD9641 Digital Air Fryer, Good Condition;"US$25
US$30";https://www.facebook.com/marketplace/item/889650466846833/?ref=search&referral_code=null&referral_story_type=post&tracking=browse_serp%3Ab9845548-c428-4280-9e68-1b7a7c0bb2e3&__tn__=!%3AD;https://shopee.com.br/search?keyword=Philips%20Airfryer%20HD9641%20Digital%20Air%20Fryer,%20Good%20Condition;Air fryer
965;Cafeteira nespresso;Ninja Luxe Cafe 3 in 1 espresso coffee machine;"US$450
US$500";https://www.facebook.com/marketplace/item/795977206848510/?ref=search&referral_code=null&referral_story_type=post&tracking=browse_serp%3A1766764e-d307-4529-b349-813521246ef5&__tn__=!%3AD;https://shopee.com.br/search?keyword=Ninja%20Luxe%20Cafe%203%20in%201%20espresso%20coffee%20machine;Cafeteira nespresso
965;Smartwatch amoled;Garmin Venu SQ2 smartwatch;US$185;https://www.facebook.com/marketplace/item/1189570822690304/?ref=search&referral_code=null&referral_story_type=post&tracking=browse_serp%3A40957e6c-c122-49a9-8c1b-751ef7b5e50f&__tn__=!%3AD;https://shopee.com.br/search?keyword=Garmin%20Venu%20SQ2%20smartwatch;Smartwatch amoled
965;Creatina;Protein powders and protein bars;US$80;https://www.facebook.com/marketplace/item/1590504378520304/?ref=search&referral_code=null&referral_story_type=post&tracking=browse_serp%3A8317c2e1-50e0-4cf2-8a07-f9a9e5dec437&__tn__=!%3AD;https://shopee.com.br/search?keyword=Protein%20powders%20and%20protein%20bars;Creatina
965;Monitor 4k;HP Z32 31.5” 4K UHD IPS Monitor;"US$275
US$500";https://www.facebook.com/marketplace/item/2059336341504923/?ref=search&referral_code=null&referral_story_type=post&tracking=browse_serp%3A764b163f-6bf6-4f8c-ad9f-5e45651790df&__tn__=!%3AD;https://shopee.com.br/search?keyword=HP%20Z32%2031.5”%204K%20UHD%20IPS%20Monitor;Monitor 4k
965;Whey protein;protein powder ￼;US$15;https://www.facebook.com/marketplace/item/686242994236130/?ref=search&referral_code=null&referral_story_type=post&tracking=browse_serp%3A4e944566-3941-48c0-b254-9cdac29dc612&__tn__=!%3AD;https://shopee.com.br/search?keyword=protein%20powder%20￼;Whey protein
965;Perfume árabe;Perfume for women;US$35;https://www.facebook.com/marketplace/item/2019192175302013/?ref=search&referral_code=null&referral_story_type=post&tracking=browse_serp%3A172ec94d-57e8-4a33-b80a-8826a0698cdc&__tn__=!%3AD;https://shopee.com.br/search?keyword=Perfume%20for%20women;Perfume árabe
964;Monitor 4k;2k Oled 280 Hz monitor;US$350;https://www.facebook.com/marketplace/item/2646403549061543/?ref=search&referral_code=null&referral_story_type=post&tracking=browse_serp%3A764b163f-6bf6-4f8c-ad9f-5e45651790df&__tn__=!%3AD;https://shopee.com.br/search?keyword=2k%20Oled%20280%20Hz%20monitor;Monitor 4k
964;Perfume árabe;Richmond, CA;US$10;https://www.facebook.com/marketplace/item/2040265696730236/?ref=search&referral_code=null&referral_story_type=post&tracking=browse_serp%3A172ec94d-57e8-4a33-b80a-8826a0698cdc&__tn__=!%3AD;https://shopee.com.br/search?keyword=Richmond,%20CA;Perfume árabe
964;Creatina;Proteína y pre-workoud combo perfecto para el gym 💪;US$85;https://www.facebook.com/marketplace/item/1808186200584815/?ref=search&referral_code=null&referral_story_type=post&tracking=browse_serp%3A8317c2e1-50e0-4cf2-8a07-f9a9e5dec437&__tn__=!%3AD;https://shopee.com.br/search?keyword=Proteína%20y%20pre-workoud%20combo%20perfecto%20para%20el%20gym%20💪;Creatina
964;Whey protein;PROTEIN POWDER;US$25;https://www.facebook.com/marketplace/item/1515923729481380/?ref=search&referral_code=null&referral_story_type=post&tracking=browse_serp%3A4e944566-3941-48c0-b254-9cdac29dc612&__tn__=!%3AD;https://shopee.com.br/search?keyword=PROTEIN%20POWDER;Whey protein
964;Cafeteira nespresso;Gevi Espresso Machine;"US$45
US$50";https://www.facebook.com/marketplace/item/1195176346063387/?ref=search&referral_code=null&referral_story_type=post&tracking=browse_serp%3A1766764e-d307-4529-b349-813521246ef5&__tn__=!%3AD;https://shopee.com.br/search?keyword=Gevi%20Espresso%20Machine;Cafeteira nespresso
964;Playstation 5;Sony PlayStation 5 Console G7OE-ME;US$104;https://www.facebook.com/marketplace/item/1617725422916519/?ref=search&referral_code=null&referral_story_type=post&tracking=browse_serp%3A507e14ac-c778-42d7-9483-34ef581f173f&__tn__=!%3AD;https://shopee.com.br/search?keyword=Sony%20PlayStation%205%20Console%20G7OE-ME;Playstation 5
964;Smartwatch amoled;Samsung gear s2 watch;US$1;https://www.facebook.com/marketplace/item/1937046290225820/?ref=search&referral_code=null&referral_story_type=post&tracking=browse_serp%3A40957e6c-c122-49a9-8c1b-751ef7b5e50f&__tn__=!%3AD;https://shopee.com.br/search?keyword=Samsung%20gear%20s2%20watch;Smartwatch amoled
964;Air fryer;Fresno, CA;US$20;https://www.facebook.com/marketplace/item/1698586621129927/?ref=search&referral_code=null&referral_story_type=post&tracking=browse_serp%3Ab9845548-c428-4280-9e68-1b7a7c0bb2e3&__tn__=!%3AD;https://shopee.com.br/search?keyword=Fresno,%20CA;Air fryer
963;Whey protein;Santa Clara, CA;US$50;https://www.facebook.com/marketplace/item/1934880467244343/?ref=search&referral_code=null&referral_story_type=post&tracking=browse_serp%3A4e944566-3941-48c0-b254-9cdac29dc612&__tn__=!%3AD;https://shopee.com.br/search?keyword=Santa%20Clara,%20CA;Whey protein
963;Cafeteira nespresso;CAFÉ™ BELLISSIMO Semi Automatic Espresso Machine + Frother;"US$200
US$300";https://www.facebook.com/marketplace/item/1840630656650920/?ref=search&referral_code=null&referral_story_type=post&tracking=browse_serp%3A1766764e-d307-4529-b349-813521246ef5&__tn__=!%3AD;https://shopee.com.br/search?keyword=CAFÉ™%20BELLISSIMO%20Semi%20Automatic%20Espresso%20Machine%20+%20Frother;Cafeteira nespresso
963;Air fryer;Gourmia digital air fryer 8qt/ 7.6 liter;"US$70
US$80";https://www.facebook.com/marketplace/item/1546241306597754/?ref=search&referral_code=null&referral_story_type=post&tracking=browse_serp%3Ab9845548-c428-4280-9e68-1b7a7c0bb2e3&__tn__=!%3AD;https://shopee.com.br/search?keyword=Gourmia%20digital%20air%20fryer%208qt/%207.6%20liter;Air fryer
963;Smartwatch amoled;Samsung watch Ultra (7 series, 2024);US$190;https://www.facebook.com/marketplace/item/860133103600665/?ref=search&referral_code=null&referral_story_type=post&tracking=browse_serp%3A40957e6c-c122-49a9-8c1b-751ef7b5e50f&__tn__=!%3AD;https://shopee.com.br/search?keyword=Samsung%20watch%20Ultra%20(7%20series,%202024);Smartwatch amoled
963;Creatina;Sealed premier protein 15 pack / 30g protein each shake - limited stock available -sells out quick!;US$25;https://www.facebook.com/marketplace/item/1967030174221611/?ref=search&referral_code=null&referral_story_type=post&tracking=browse_serp%3A8317c2e1-50e0-4cf2-8a07-f9a9e5dec437&__tn__=!%3AD;https://shopee.com.br/search?keyword=Sealed%20premier%20protein%2015%20pack%20/%2030g%20protein%20each%20shake%20-%20limited%20stock%20available%20-sells%20out%20quick!;Creatina
963;Monitor 4k;NEW - Samsung Odyssey OLED G8 G81SF 32 inch 4k Monitor;US$750;https://www.facebook.com/marketplace/item/4351310585194897/?ref=search&referral_code=null&referral_story_type=post&tracking=browse_serp%3A764b163f-6bf6-4f8c-ad9f-5e45651790df&__tn__=!%3AD;https://shopee.com.br/search?keyword=NEW%20-%20Samsung%20Odyssey%20OLED%20G8%20G81SF%2032%20inch%204k%20Monitor;Monitor 4k
963;Perfume árabe;Perfumes for Women Jadore by Dior, Gabrielle Chanel Essence, Vince Camuto;US$80;https://www.facebook.com/marketplace/item/1423313362721441/?ref=search&referral_code=null&referral_story_type=post&tracking=browse_serp%3A172ec94d-57e8-4a33-b80a-8826a0698cdc&__tn__=!%3AD;https://shopee.com.br/search?keyword=Perfumes%20for%20Women%20Jadore%20by%20Dior,%20Gabrielle%20Chanel%20Essence,%20Vince%20Camuto;Perfume árabe
963;Playstation 5;PlayStation 5 (PS5);US$250;https://www.facebook.com/marketplace/item/889209160264048/?ref=search&referral_code=null&referral_story_type=post&tracking=browse_serp%3A507e14ac-c778-42d7-9483-34ef581f173f&__tn__=!%3AD;https://shopee.com.br/search?keyword=PlayStation%205%20(PS5);Playstation 5
962;Air fryer;Target- Power XL 4qt Airfryer;US$25;https://www.facebook.com/marketplace/item/802774832468361/?ref=search&referral_code=null&referral_story_type=post&tracking=browse_serp%3Ab9845548-c428-4280-9e68-1b7a7c0bb2e3&__tn__=!%3AD;https://shopee.com.br/search?keyword=Target-%20Power%20XL%204qt%20Airfryer;Air fryer
962;Perfume árabe;Castro Valley, CA;Gratuito;https://www.facebook.com/marketplace/item/866669412907194/?ref=search&referral_code=null&referral_story_type=post&tracking=browse_serp%3A172ec94d-57e8-4a33-b80a-8826a0698cdc&__tn__=!%3AD;https://shopee.com.br/search?keyword=Castro%20Valley,%20CA;Perfume árabe
962;Monitor 4k;Dell P2721Q monitor - 27in 4K IPS;US$300;https://www.facebook.com/marketplace/item/4473576586208667/?ref=search&referral_code=null&referral_story_type=post&tracking=browse_serp%3A764b163f-6bf6-4f8c-ad9f-5e45651790df&__tn__=!%3AD;https://shopee.com.br/search?keyword=Dell%20P2721Q%20monitor%20-%2027in%204K%20IPS;Monitor 4k
962;Creatina;Fresno, CA;US$15;https://www.facebook.com/marketplace/item/1377952790576178/?ref=search&referral_code=null&referral_story_type=post&tracking=browse_serp%3A8317c2e1-50e0-4cf2-8a07-f9a9e5dec437&__tn__=!%3AD;https://shopee.com.br/search?keyword=Fresno,%20CA;Creatina
962;Whey protein;Unused Tres Leches Protein Powder + Barely Used strawberry milkshake PP;US$50;https://www.facebook.com/marketplace/item/1187423989478051/?ref=search&referral_code=null&referral_story_type=post&tracking=browse_serp%3A4e944566-3941-48c0-b254-9cdac29dc612&__tn__=!%3AD;https://shopee.com.br/search?keyword=Unused%20Tres%20Leches%20Protein%20Powder%20+%20Barely%20Used%20strawberry%20milkshake%20PP;Whey protein
962;Playstation 5;playstation5 console XLF1-6Q;US$104;https://www.facebook.com/marketplace/item/1068860938721912/?ref=search&referral_code=null&referral_story_type=post&tracking=browse_serp%3A507e14ac-c778-42d7-9483-34ef581f173f&__tn__=!%3AD;https://shopee.com.br/search?keyword=playstation5%20console%20XLF1-6Q;Playstation 5
962;Smartwatch amoled;🔥 Garmin Fenix 8 51mm AMOLED – Like New + 4 Premium Bands 🔥;US$699;https://www.facebook.com/marketplace/item/871065715732876/?ref=search&referral_code=null&referral_story_type=post&tracking=browse_serp%3A40957e6c-c122-49a9-8c1b-751ef7b5e50f&__tn__=!%3AD;https://shopee.com.br/search?keyword=🔥%20Garmin%20Fenix%208%2051mm%20AMOLED%20–%20Like%20New%20+%204%20Premium%20Bands%20🔥;Smartwatch amoled
962;Cafeteira nespresso;Breville Barista Express espresso maker;US$300;https://www.facebook.com/marketplace/item/2418796261913452/?ref=search&referral_code=null&referral_story_type=post&tracking=browse_serp%3A1766764e-d307-4529-b349-813521246ef5&__tn__=!%3AD;https://shopee.com.br/search?keyword=Breville%20Barista%20Express%20espresso%20maker;Cafeteira nespresso
961;Monitor 4k;Dell S3220DGF 32″ Curved Gaming Monitor – 1440p, 165Hz;"US$200
US$220";https://www.facebook.com/marketplace/item/911255734663926/?ref=search&referral_code=null&referral_story_type=post&tracking=browse_serp%3A764b163f-6bf6-4f8c-ad9f-5e45651790df&__tn__=!%3AD;https://shopee.com.br/search?keyword=Dell%20S3220DGF%2032″%20Curved%20Gaming%20Monitor%20–%201440p,%20165Hz;Monitor 4k
961;Air fryer;Air fryer 2 quartz Brand new;US$27;https://www.facebook.com/marketplace/item/1409731640502010/?ref=search&referral_code=null&referral_story_type=post&tracking=browse_serp%3Ab9845548-c428-4280-9e68-1b7a7c0bb2e3&__tn__=!%3AD;https://shopee.com.br/search?keyword=Air%20fryer%202%20quartz%20Brand%20new;Air fryer
961;Cafeteira nespresso;De'Longhi Espresso Machine;"US$60
US$90";https://www.facebook.com/marketplace/item/1404408511175303/?ref=search&referral_code=null&referral_story_type=post&tracking=browse_serp%3A1766764e-d307-4529-b349-813521246ef5&__tn__=!%3AD;https://shopee.com.br/search?keyword=De'Longhi%20Espresso%20Machine;Cafeteira nespresso
961;Creatina;Boost very high calorie proteina chocolate;US$30;https://www.facebook.com/marketplace/item/914816891017844/?ref=search&referral_code=null&referral_story_type=post&tracking=browse_serp%3A8317c2e1-50e0-4cf2-8a07-f9a9e5dec437&__tn__=!%3AD;https://shopee.com.br/search?keyword=Boost%20very%20high%20calorie%20proteina%20chocolate;Creatina
961;Smartwatch amoled;HOT-5 Smart Watch with Game Controller – Bluetooth, Camera, Music, AMOLED;US$18;https://www.facebook.com/marketplace/item/1554430729153794/?ref=search&referral_code=null&referral_story_type=post&tracking=browse_serp%3A40957e6c-c122-49a9-8c1b-751ef7b5e50f&__tn__=!%3AD;https://shopee.com.br/search?keyword=HOT-5%20Smart%20Watch%20with%20Game%20Controller%20–%20Bluetooth,%20Camera,%20Music,%20AMOLED;Smartwatch amoled
961;Perfume árabe;Women Fragrance;US$50;https://www.facebook.com/marketplace/item/1194340562140724/?ref=search&referral_code=null&referral_story_type=post&tracking=browse_serp%3A172ec94d-57e8-4a33-b80a-8826a0698cdc&__tn__=!%3AD;https://shopee.com.br/search?keyword=Women%20Fragrance;Perfume árabe
961;Playstation 5;PlayStation PS5 Console + VR2 Bundle + Accessories;US$950;https://www.facebook.com/marketplace/item/1434526321530666/?ref=search&referral_code=null&referral_story_type=post&tracking=browse_serp%3A507e14ac-c778-42d7-9483-34ef581f173f&__tn__=!%3AD;https://shopee.com.br/search?keyword=PlayStation%20PS5%20Console%20+%20VR2%20Bundle%20+%20Accessories;Playstation 5
961;Whey protein;On Sale Animal Isolate Loaded Whey Protein;US$45;https://www.facebook.com/marketplace/item/4609429789287950/?ref=search&referral_code=null&referral_story_type=post&tracking=browse_serp%3A4e944566-3941-48c0-b254-9cdac29dc612&__tn__=!%3AD;https://shopee.com.br/search?keyword=On%20Sale%20Animal%20Isolate%20Loaded%20Whey%20Protein;Whey protein
960;Smartwatch amoled;Smart Watch Fitness Tracker with Make Call 24/7 Heart Rate Blood Pressure Sleep Monitor;US$35;https://www.facebook.com/marketplace/item/2046535522557000/?ref=search&referral_code=null&referral_story_type=post&tracking=browse_serp%3A40957e6c-c122-49a9-8c1b-751ef7b5e50f&__tn__=!%3AD;https://shopee.com.br/search?keyword=Smart%20Watch%20Fitness%20Tracker%20with%20Make%20Call%2024/7%20Heart%20Rate%20Blood%20Pressure%20Sleep%20Monitor;Smartwatch amoled
960;Perfume árabe;Limette Le Labo Perfume;US$350;https://www.facebook.com/marketplace/item/832855689808977/?ref=search&referral_code=null&referral_story_type=post&tracking=browse_serp%3A172ec94d-57e8-4a33-b80a-8826a0698cdc&__tn__=!%3AD;https://shopee.com.br/search?keyword=Limette%20Le%20Labo%20Perfume;Perfume árabe
960;Monitor 4k;"SAMSUNG 32"" UJ59 Series 4K UHD (3840x2160) Computer Monitor, VA Panel, HDMI, Display Port, Eye Saver";US$100;https://www.facebook.com/marketplace/item/1835535277835964/?ref=search&referral_code=null&referral_story_type=post&tracking=browse_serp%3A764b163f-6bf6-4f8c-ad9f-5e45651790df&__tn__=!%3AD;"https://shopee.com.br/search?keyword=SAMSUNG%2032""%20UJ59%20Series%204K%20UHD%20(3840x2160)%20Computer%20Monitor,%20VA%20Panel,%20HDMI,%20Display%20Port,%20Eye%20Saver";Monitor 4k
960;Playstation 5;Playstation 5 Digital With Controller;"US$300
US$400";https://www.facebook.com/marketplace/item/1585491302459089/?ref=search&referral_code=null&referral_story_type=post&tracking=browse_serp%3A507e14ac-c778-42d7-9483-34ef581f173f&__tn__=!%3AD;https://shopee.com.br/search?keyword=Playstation%205%20Digital%20With%20Controller;Playstation 5
960;Cafeteira nespresso;Breville Duo Temp espresso machine;US$250;https://www.facebook.com/marketplace/item/1393202152553672/?ref=search&referral_code=null&referral_story_type=post&tracking=browse_serp%3A1766764e-d307-4529-b349-813521246ef5&__tn__=!%3AD;https://shopee.com.br/search?keyword=Breville%20Duo%20Temp%20espresso%20machine;Cafeteira nespresso
960;Whey protein;Optimum Nutrition Gold Standard 100% Whey Protein Powder, Double Rich Chocolate 10 Pound (Packaging;US$130;https://www.facebook.com/marketplace/item/1197691875198473/?ref=search&referral_code=null&referral_story_type=post&tracking=browse_serp%3A4e944566-3941-48c0-b254-9cdac29dc612&__tn__=!%3AD;https://shopee.com.br/search?keyword=Optimum%20Nutrition%20Gold%20Standard%20100%%20Whey%20Protein%20Powder,%20Double%20Rich%20Chocolate%2010%20Pound%20(Packaging;Whey protein
960;Creatina;Protein powder;US$40;https://www.facebook.com/marketplace/item/1241571294594371/?ref=search&referral_code=null&referral_story_type=post&tracking=browse_serp%3A8317c2e1-50e0-4cf2-8a07-f9a9e5dec437&__tn__=!%3AD;https://shopee.com.br/search?keyword=Protein%20powder;Creatina
960;Air fryer;Oakland, CA;US$10;https://www.facebook.com/marketplace/item/2055975115155948/?ref=search&referral_code=null&referral_story_type=post&tracking=browse_serp%3Ab9845548-c428-4280-9e68-1b7a7c0bb2e3&__tn__=!%3AD;https://shopee.com.br/search?keyword=Oakland,%20CA;Air fryer
959;Smartwatch amoled;Smartwatch for Android or iOS;US$25;https://www.facebook.com/marketplace/item/923061444229296/?ref=search&referral_code=null&referral_story_type=post&tracking=browse_serp%3A40957e6c-c122-49a9-8c1b-751ef7b5e50f&__tn__=!%3AD;https://shopee.com.br/search?keyword=Smartwatch%20for%20Android%20or%20iOS;Smartwatch amoled
959;Monitor 4k;lg 24 ultrafine monitor 4k;US$280;https://www.facebook.com/marketplace/item/1801768173842469/?ref=search&referral_code=null&referral_story_type=post&tracking=browse_serp%3A764b163f-6bf6-4f8c-ad9f-5e45651790df&__tn__=!%3AD;https://shopee.com.br/search?keyword=lg%2024%20ultrafine%20monitor%204k;Monitor 4k
959;Whey protein;Citrus Heights, CA;"US$25
US$30";https://www.facebook.com/marketplace/item/2368492680248198/?ref=search&referral_code=null&referral_story_type=post&tracking=browse_serp%3A4e944566-3941-48c0-b254-9cdac29dc612&__tn__=!%3AD;https://shopee.com.br/search?keyword=Citrus%20Heights,%20CA;Whey protein
959;Creatina;Creatista® Plus;"US$150
US$350";https://www.facebook.com/marketplace/item/1797605211149479/?ref=search&referral_code=null&referral_story_type=post&tracking=browse_serp%3A8317c2e1-50e0-4cf2-8a07-f9a9e5dec437&__tn__=!%3AD;https://shopee.com.br/search?keyword=Creatista®%20Plus;Creatina
959;Perfume árabe;Philosophy Perfume;US$30;https://www.facebook.com/marketplace/item/866705319598033/?ref=search&referral_code=null&referral_story_type=post&tracking=browse_serp%3A172ec94d-57e8-4a33-b80a-8826a0698cdc&__tn__=!%3AD;https://shopee.com.br/search?keyword=Philosophy%20Perfume;Perfume árabe
959;Air fryer;Cuisinart Air Fryer Toaster Oven;"US$75
US$150";https://www.facebook.com/marketplace/item/1619313002817137/?ref=search&referral_code=null&referral_story_type=post&tracking=browse_serp%3Ab9845548-c428-4280-9e68-1b7a7c0bb2e3&__tn__=!%3AD;https://shopee.com.br/search?keyword=Cuisinart%20Air%20Fryer%20Toaster%20Oven;Air fryer
959;Cafeteira nespresso;Wacaco Minipresso Hand Pump Espresso Maker;US$35;https://www.facebook.com/marketplace/item/1467093464837908/?ref=search&referral_code=null&referral_story_type=post&tracking=browse_serp%3A1766764e-d307-4529-b349-813521246ef5&__tn__=!%3AD;https://shopee.com.br/search?keyword=Wacaco%20Minipresso%20Hand%20Pump%20Espresso%20Maker;Cafeteira nespresso
959;Playstation 5;PlayStation 5 Pro with 2 Controllers, Original Cords E5015;US$97;https://www.facebook.com/marketplace/item/3101520070014229/?ref=search&referral_code=null&referral_story_type=post&tracking=browse_serp%3A507e14ac-c778-42d7-9483-34ef581f173f&__tn__=!%3AD;https://shopee.com.br/search?keyword=PlayStation%205%20Pro%20with%202%20Controllers,%20Original%20Cords%20E5015;Playstation 5
958;Creatina;Suplemento de nutrilite;US$10;https://www.facebook.com/marketplace/item/1544178650004382/?ref=search&referral_code=null&referral_story_type=post&tracking=browse_serp%3A8317c2e1-50e0-4cf2-8a07-f9a9e5dec437&__tn__=!%3AD;https://shopee.com.br/search?keyword=Suplemento%20de%20nutrilite;Creatina
958;Playstation 5;Like new playstation 5 N59Q-7E;US$101;https://www.facebook.com/marketplace/item/855599707349790/?ref=search&referral_code=null&referral_story_type=post&tracking=browse_serp%3A507e14ac-c778-42d7-9483-34ef581f173f&__tn__=!%3AD;https://shopee.com.br/search?keyword=Like%20new%20playstation%205%20N59Q-7E;Playstation 5
958;Air fryer;Foster City, CA;US$20;https://www.facebook.com/marketplace/item/1808947599811759/?ref=search&referral_code=null&referral_story_type=post&tracking=browse_serp%3Ab9845548-c428-4280-9e68-1b7a7c0bb2e3&__tn__=!%3AD;https://shopee.com.br/search?keyword=Foster%20City,%20CA;Air fryer
958;Cafeteira nespresso;Wirsh Espresso Machine;US$80;https://www.facebook.com/marketplace/item/1980669762832769/?ref=search&referral_code=null&referral_story_type=post&tracking=browse_serp%3A1766764e-d307-4529-b349-813521246ef5&__tn__=!%3AD;https://shopee.com.br/search?keyword=Wirsh%20Espresso%20Machine;Cafeteira nespresso
958;Perfume árabe;YSL Libre Absolu Platine Eau de Parfum 1.6 oz;US$50;https://www.facebook.com/marketplace/item/2006116493617766/?ref=search&referral_code=null&referral_story_type=post&tracking=browse_serp%3A172ec94d-57e8-4a33-b80a-8826a0698cdc&__tn__=!%3AD;https://shopee.com.br/search?keyword=YSL%20Libre%20Absolu%20Platine%20Eau%20de%20Parfum%201.6%20oz;Perfume árabe
958;Monitor 4k;Benq Zowie XL2566x+ 400hz Monitor;US$550;https://www.facebook.com/marketplace/item/1376955303753418/?ref=search&referral_code=null&referral_story_type=post&tracking=browse_serp%3A764b163f-6bf6-4f8c-ad9f-5e45651790df&__tn__=!%3AD;https://shopee.com.br/search?keyword=Benq%20Zowie%20XL2566x+%20400hz%20Monitor;Monitor 4k
958;Whey protein;Whey protein de buena calidad.;US$65;https://www.facebook.com/marketplace/item/4168259700099353/?ref=search&referral_code=null&referral_story_type=post&tracking=browse_serp%3A4e944566-3941-48c0-b254-9cdac29dc612&__tn__=!%3AD;https://shopee.com.br/search?keyword=Whey%20protein%20de%20buena%20calidad.;Whey protein
958;Smartwatch amoled;New smart watch;US$35;https://www.facebook.com/marketplace/item/2046736405893784/?ref=search&referral_code=null&referral_story_type=post&tracking=browse_serp%3A40957e6c-c122-49a9-8c1b-751ef7b5e50f&__tn__=!%3AD;https://shopee.com.br/search?keyword=New%20smart%20watch;Smartwatch amoled
957;Perfume árabe;Perfume para mujer de la marca lattafa;US$20;https://www.facebook.com/marketplace/item/1429614585218385/?ref=search&referral_code=null&referral_story_type=post&tracking=browse_serp%3A172ec94d-57e8-4a33-b80a-8826a0698cdc&__tn__=!%3AD;https://shopee.com.br/search?keyword=Perfume%20para%20mujer%20de%20la%20marca%20lattafa;Perfume árabe
957;Air fryer;Cuisinart Air fryer toaster oven;"US$20
US$50";https://www.facebook.com/marketplace/item/1582647836208065/?ref=search&referral_code=null&referral_story_type=post&tracking=browse_serp%3Ab9845548-c428-4280-9e68-1b7a7c0bb2e3&__tn__=!%3AD;https://shopee.com.br/search?keyword=Cuisinart%20Air%20fryer%20toaster%20oven;Air fryer
957;Monitor 4k;Acer 27in 4K monitor;US$200;https://www.facebook.com/marketplace/item/1286676366632259/?ref=search&referral_code=null&referral_story_type=post&tracking=browse_serp%3A764b163f-6bf6-4f8c-ad9f-5e45651790df&__tn__=!%3AD;https://shopee.com.br/search?keyword=Acer%2027in%204K%20monitor;Monitor 4k
957;Cafeteira nespresso;Coffe and espresso make combo (missing coffee pot);US$20;https://www.facebook.com/marketplace/item/3772489689552683/?ref=search&referral_code=null&referral_story_type=post&tracking=browse_serp%3A1766764e-d307-4529-b349-813521246ef5&__tn__=!%3AD;https://shopee.com.br/search?keyword=Coffe%20and%20espresso%20make%20combo%20(missing%20coffee%20pot);Cafeteira nespresso
957;Smartwatch amoled;Brand new Smart Watch, 2.13‘’ AMOLED Display, 5ATM Waterproof for apple iOS and android music 128 MB;US$20;https://www.facebook.com/marketplace/item/1195012579432519/?ref=search&referral_code=null&referral_story_type=post&tracking=browse_serp%3A40957e6c-c122-49a9-8c1b-751ef7b5e50f&__tn__=!%3AD;https://shopee.com.br/search?keyword=Brand%20new%20Smart%20Watch,%202.13‘’%20AMOLED%20Display,%205ATM%20Waterproof%20for%20apple%20iOS%20and%20android%20music%20128%20MB;Smartwatch amoled
957;Playstation 5;Playstation 5 Digital Version ConsoleCordsController Included PS5 UY3C-AI;US$101;https://www.facebook.com/marketplace/item/4242735472539397/?ref=search&referral_code=null&referral_story_type=post&tracking=browse_serp%3A507e14ac-c778-42d7-9483-34ef581f173f&__tn__=!%3AD;https://shopee.com.br/search?keyword=Playstation%205%20Digital%20Version%20ConsoleCordsController%20Included%20PS5%20UY3C-AI;Playstation 5
957;Whey protein;Whey protein;US$50;https://www.facebook.com/marketplace/item/4407036062860475/?ref=search&referral_code=null&referral_story_type=post&tracking=browse_serp%3A4e944566-3941-48c0-b254-9cdac29dc612&__tn__=!%3AD;https://shopee.com.br/search?keyword=Whey%20protein;Whey protein
957;Creatina;Creat creature ￼;US$10;https://www.facebook.com/marketplace/item/3381370368680404/?ref=search&referral_code=null&referral_story_type=post&tracking=browse_serp%3A8317c2e1-50e0-4cf2-8a07-f9a9e5dec437&__tn__=!%3AD;https://shopee.com.br/search?keyword=Creat%20creature%20￼;Creatina
956;Cafeteira nespresso;espresso dosing cup;US$5;https://www.facebook.com/marketplace/item/4489979537902333/?ref=search&referral_code=null&referral_story_type=post&tracking=browse_serp%3A1766764e-d307-4529-b349-813521246ef5&__tn__=!%3AD;https://shopee.com.br/search?keyword=espresso%20dosing%20cup;Cafeteira nespresso
956;Perfume árabe;Fragrances for sale!!;Gratuito;https://www.facebook.com/marketplace/item/900736795651959/?ref=search&referral_code=null&referral_story_type=post&tracking=browse_serp%3A172ec94d-57e8-4a33-b80a-8826a0698cdc&__tn__=!%3AD;https://shopee.com.br/search?keyword=Fragrances%20for%20sale!!;Perfume árabe
956;Air fryer;TRU 8-Quart Digital Air Fryer;US$60;https://www.facebook.com/marketplace/item/1203141268135326/?ref=search&referral_code=null&referral_story_type=post&tracking=browse_serp%3Ab9845548-c428-4280-9e68-1b7a7c0bb2e3&__tn__=!%3AD;https://shopee.com.br/search?keyword=TRU%208-Quart%20Digital%20Air%20Fryer;Air fryer
956;Playstation 5;Playstation 5 black KYE7-UA;US$102;https://www.facebook.com/marketplace/item/2409488639506574/?ref=search&referral_code=null&referral_story_type=post&tracking=browse_serp%3A507e14ac-c778-42d7-9483-34ef581f173f&__tn__=!%3AD;https://shopee.com.br/search?keyword=Playstation%205%20black%20KYE7-UA;Playstation 5
956;Whey protein;Malteada / Proteína Y mas;US$60;https://www.facebook.com/marketplace/item/812738554968205/?ref=search&referral_code=null&referral_story_type=post&tracking=browse_serp%3A4e944566-3941-48c0-b254-9cdac29dc612&__tn__=!%3AD;https://shopee.com.br/search?keyword=Malteada%20/%20Proteína%20Y%20mas;Whey protein
956;Smartwatch amoled;Stockton, CA;US$25;https://www.facebook.com/marketplace/item/1486411423052032/?ref=search&referral_code=null&referral_story_type=post&tracking=browse_serp%3A40957e6c-c122-49a9-8c1b-751ef7b5e50f&__tn__=!%3AD;https://shopee.com.br/search?keyword=Stockton,%20CA;Smartwatch amoled
956;Creatina;máquina para hacer smores, y proteina;US$15;https://www.facebook.com/marketplace/item/785545347450770/?ref=search&referral_code=null&referral_story_type=post&tracking=browse_serp%3A8317c2e1-50e0-4cf2-8a07-f9a9e5dec437&__tn__=!%3AD;https://shopee.com.br/search?keyword=máquina%20para%20hacer%20smores,%20y%20proteina;Creatina
956;Monitor 4k;Samsung 32” 4K Monitor (S32A804MN) – Excellent Condition;US$250;https://www.facebook.com/marketplace/item/1612003299933102/?ref=search&referral_code=null&referral_story_type=post&tracking=browse_serp%3A764b163f-6bf6-4f8c-ad9f-5e45651790df&__tn__=!%3AD;https://shopee.com.br/search?keyword=Samsung%2032”%204K%20Monitor%20(S32A804MN)%20–%20Excellent%20Condition;Monitor 4k
955;Monitor 4k;Samsung Monitor 43”inch Neo G7 4K for Gamers & Entertainment + (Free 24” dell monitor);"US$475
US$549";https://www.facebook.com/marketplace/item/907125931664177/?ref=search&referral_code=null&referral_story_type=post&tracking=browse_serp%3A764b163f-6bf6-4f8c-ad9f-5e45651790df&__tn__=!%3AD;https://shopee.com.br/search?keyword=Samsung%20Monitor%2043”inch%20Neo%20G7%204K%20for%20Gamers%20&%20Entertainment%20+%20(Free%2024”%20dell%20monitor);Monitor 4k
955;Perfume árabe;jo malone perfume;US$70;https://www.facebook.com/marketplace/item/1930379674233072/?ref=search&referral_code=null&referral_story_type=post&tracking=browse_serp%3A172ec94d-57e8-4a33-b80a-8826a0698cdc&__tn__=!%3AD;https://shopee.com.br/search?keyword=jo%20malone%20perfume;Perfume árabe
955;Cafeteira nespresso;Breville Express Espresso Machine;US$400;https://www.facebook.com/marketplace/item/1181521113745434/?ref=search&referral_code=null&referral_story_type=post&tracking=browse_serp%3A1766764e-d307-4529-b349-813521246ef5&__tn__=!%3AD;https://shopee.com.br/search?keyword=Breville%20Express%20Espresso%20Machine;Cafeteira nespresso
955;Air fryer;Toaster Oven Air Fryer Combo;US$50;https://www.facebook.com/marketplace/item/2160968824311440/?ref=search&referral_code=null&referral_story_type=post&tracking=browse_serp%3Ab9845548-c428-4280-9e68-1b7a7c0bb2e3&__tn__=!%3AD;https://shopee.com.br/search?keyword=Toaster%20Oven%20Air%20Fryer%20Combo;Air fryer
955;Whey protein;Legion whey French vanilla;US$25;https://www.facebook.com/marketplace/item/1543696486748144/?ref=search&referral_code=null&referral_story_type=post&tracking=browse_serp%3A4e944566-3941-48c0-b254-9cdac29dc612&__tn__=!%3AD;https://shopee.com.br/search?keyword=Legion%20whey%20French%20vanilla;Whey protein
955;Creatina;Crema de proteína para reparar los cabellos darles más suavidad brillo, elimina el frizz. (Nueva);US$18;https://www.facebook.com/marketplace/item/906000131825483/?ref=search&referral_code=null&referral_story_type=post&tracking=browse_serp%3A8317c2e1-50e0-4cf2-8a07-f9a9e5dec437&__tn__=!%3AD;https://shopee.com.br/search?keyword=Crema%20de%20proteína%20para%20reparar%20los%20cabellos%20darles%20más%20suavidad%20brillo,%20elimina%20el%20frizz.%20(Nueva);Creatina
955;Smartwatch amoled;Smart watch;US$20;https://www.facebook.com/marketplace/item/1128627539219090/?ref=search&referral_code=null&referral_story_type=post&tracking=browse_serp%3A40957e6c-c122-49a9-8c1b-751ef7b5e50f&__tn__=!%3AD;https://shopee.com.br/search?keyword=Smart%20watch;Smartwatch amoled
955;Playstation 5;PlayStation 5 825 GB White Digital Edition Like New T5PO-8L;US$101;https://www.facebook.com/marketplace/item/4325339944351060/?ref=search&referral_code=null&referral_story_type=post&tracking=browse_serp%3A507e14ac-c778-42d7-9483-34ef581f173f&__tn__=!%3AD;https://shopee.com.br/search?keyword=PlayStation%205%20825%20GB%20White%20Digital%20Edition%20Like%20New%20T5PO-8L;Playstation 5
954;Playstation 5;Sony PlayStation 5 Console in White NVW3-VR;US$103;https://www.facebook.com/marketplace/item/925799970112923/?ref=search&referral_code=null&referral_story_type=post&tracking=browse_serp%3A507e14ac-c778-42d7-9483-34ef581f173f&__tn__=!%3AD;https://shopee.com.br/search?keyword=Sony%20PlayStation%205%20Console%20in%20White%20NVW3-VR;Playstation 5
954;Whey protein;NEW Ancient Nutrition Whey Protein;US$40;https://www.facebook.com/marketplace/item/1683853579662293/?ref=search&referral_code=null&referral_story_type=post&tracking=browse_serp%3A4e944566-3941-48c0-b254-9cdac29dc612&__tn__=!%3AD;https://shopee.com.br/search?keyword=NEW%20Ancient%20Nutrition%20Whey%20Protein;Whey protein
954;Creatina;Bloom en polvo strawberries & cream;US$15;https://www.facebook.com/marketplace/item/1549410452742106/?ref=search&referral_code=null&referral_story_type=post&tracking=browse_serp%3A8317c2e1-50e0-4cf2-8a07-f9a9e5dec437&__tn__=!%3AD;https://shopee.com.br/search?keyword=Bloom%20en%20polvo%20strawberries%20&%20cream;Creatina
954;Monitor 4k;4k 165 hz 32 inch gaming monitor Asus ROG;"US$325
US$600";https://www.facebook.com/marketplace/item/1093158149131591/?ref=search&referral_code=null&referral_story_type=post&tracking=browse_serp%3A764b163f-6bf6-4f8c-ad9f-5e45651790df&__tn__=!%3AD;https://shopee.com.br/search?keyword=4k%20165%20hz%2032%20inch%20gaming%20monitor%20Asus%20ROG;Monitor 4k
954;Cafeteira nespresso;Nespresso with Latte Maker! Nespresso Lattisima One;US$75;https://www.facebook.com/marketplace/item/685914137937320/?ref=search&referral_code=null&referral_story_type=post&tracking=browse_serp%3A1766764e-d307-4529-b349-813521246ef5&__tn__=!%3AD;https://shopee.com.br/search?keyword=Nespresso%20with%20Latte%20Maker!%20Nespresso%20Lattisima%20One;Cafeteira nespresso
954;Smartwatch amoled;San Pablo, CA;US$40;https://www.facebook.com/marketplace/item/850302061257942/?ref=search&referral_code=null&referral_story_type=post&tracking=browse_serp%3A40957e6c-c122-49a9-8c1b-751ef7b5e50f&__tn__=!%3AD;https://shopee.com.br/search?keyword=San%20Pablo,%20CA;Smartwatch amoled
954;Air fryer;Philips air fryer xxl;"US$40
US$80";https://www.facebook.com/marketplace/item/1399468635118697/?ref=search&referral_code=null&referral_story_type=post&tracking=browse_serp%3Ab9845548-c428-4280-9e68-1b7a7c0bb2e3&__tn__=!%3AD;https://shopee.com.br/search?keyword=Philips%20air%20fryer%20xxl;Air fryer
954;Perfume árabe;Fragancias nuevas;Gratuito;https://www.facebook.com/marketplace/item/1437699138007156/?ref=search&referral_code=null&referral_story_type=post&tracking=browse_serp%3A172ec94d-57e8-4a33-b80a-8826a0698cdc&__tn__=!%3AD;https://shopee.com.br/search?keyword=Fragancias%20nuevas;Perfume árabe
953;Monitor 4k;LG Monitor 27” 4K UHD UltraFine IPS;US$200;https://www.facebook.com/marketplace/item/816431081329463/?ref=search&referral_code=null&referral_story_type=post&tracking=browse_serp%3A764b163f-6bf6-4f8c-ad9f-5e45651790df&__tn__=!%3AD;https://shopee.com.br/search?keyword=LG%20Monitor%2027”%204K%20UHD%20UltraFine%20IPS;Monitor 4k
953;Creatina;Suplementos 100% Naturales;US$1;https://www.facebook.com/marketplace/item/911696638084196/?ref=search&referral_code=null&referral_story_type=post&tracking=browse_serp%3A8317c2e1-50e0-4cf2-8a07-f9a9e5dec437&__tn__=!%3AD;https://shopee.com.br/search?keyword=Suplementos%20100%%20Naturales;Creatina
953;Smartwatch amoled;Citrus Heights, CA;US$35;https://www.facebook.com/marketplace/item/1240787717895267/?ref=search&referral_code=null&referral_story_type=post&tracking=browse_serp%3A40957e6c-c122-49a9-8c1b-751ef7b5e50f&__tn__=!%3AD;https://shopee.com.br/search?keyword=Citrus%20Heights,%20CA;Smartwatch amoled
953;Playstation 5;PlayStation 5 Digital Edition White S3PB-2X;US$102;https://www.facebook.com/marketplace/item/25641966522136422/?ref=search&referral_code=null&referral_story_type=post&tracking=browse_serp%3A507e14ac-c778-42d7-9483-34ef581f173f&__tn__=!%3AD;https://shopee.com.br/search?keyword=PlayStation%205%20Digital%20Edition%20White%20S3PB-2X;Playstation 5
953;Cafeteira nespresso;Nesspresso Vertuo Pod Holder;"US$20
US$25";https://www.facebook.com/marketplace/item/1559472335323740/?ref=search&referral_code=null&referral_story_type=post&tracking=browse_serp%3A1766764e-d307-4529-b349-813521246ef5&__tn__=!%3AD;https://shopee.com.br/search?keyword=Nesspresso%20Vertuo%20Pod%20Holder;Cafeteira nespresso
953;Air fryer;Instant pot vortex plus 10qt air fryer;"US$25
US$50";https://www.facebook.com/marketplace/item/2022324411667684/?ref=search&referral_code=null&referral_story_type=post&tracking=browse_serp%3Ab9845548-c428-4280-9e68-1b7a7c0bb2e3&__tn__=!%3AD;https://shopee.com.br/search?keyword=Instant%20pot%20vortex%20plus%2010qt%20air%20fryer;Air fryer
953;Whey protein;Max Work Whey protein powder;US$30;https://www.facebook.com/marketplace/item/1369445334486187/?ref=search&referral_code=null&referral_story_type=post&tracking=browse_serp%3A4e944566-3941-48c0-b254-9cdac29dc612&__tn__=!%3AD;https://shopee.com.br/search?keyword=Max%20Work%20Whey%20protein%20powder;Whey protein
953;Perfume árabe;Perfume Artistry Amway | Fragancia Elegante;US$1;https://www.facebook.com/marketplace/item/1643126800003109/?ref=search&referral_code=null&referral_story_type=post&tracking=browse_serp%3A172ec94d-57e8-4a33-b80a-8826a0698cdc&__tn__=!%3AD;https://shopee.com.br/search?keyword=Perfume%20Artistry%20Amway%20|%20Fragancia%20Elegante;Perfume árabe
952;Perfume árabe;Turlock, CA;US$1.234;https://www.facebook.com/marketplace/item/1141055277528233/?ref=search&referral_code=null&referral_story_type=post&tracking=browse_serp%3A172ec94d-57e8-4a33-b80a-8826a0698cdc&__tn__=!%3AD;https://shopee.com.br/search?keyword=Turlock,%20CA;Perfume árabe
952;Cafeteira nespresso;Nespresso Vertuo Plus Deluxe Coffee Maker and Aeroccino 3 Milk Frother;US$75;https://www.facebook.com/marketplace/item/892159100191839/?ref=search&referral_code=null&referral_story_type=post&tracking=browse_serp%3A1766764e-d307-4529-b349-813521246ef5&__tn__=!%3AD;https://shopee.com.br/search?keyword=Nespresso%20Vertuo%20Plus%20Deluxe%20Coffee%20Maker%20and%20Aeroccino%203%20Milk%20Frother;Cafeteira nespresso
952;Air fryer;San Jose, CA;US$30;https://www.facebook.com/marketplace/item/1222492406525630/?ref=search&referral_code=null&referral_story_type=post&tracking=browse_serp%3Ab9845548-c428-4280-9e68-1b7a7c0bb2e3&__tn__=!%3AD;https://shopee.com.br/search?keyword=San%20Jose,%20CA;Air fryer
952;Whey protein;Transparent Labs Grass-Fed Whey Protein Isolate - Naturally Flavored, Gluten Free Whey Protein Powde;US$40;https://www.facebook.com/marketplace/item/1948350446019694/?ref=search&referral_code=null&referral_story_type=post&tracking=browse_serp%3A4e944566-3941-48c0-b254-9cdac29dc612&__tn__=!%3AD;https://shopee.com.br/search?keyword=Transparent%20Labs%20Grass-Fed%20Whey%20Protein%20Isolate%20-%20Naturally%20Flavored,%20Gluten%20Free%20Whey%20Protein%20Powde;Whey protein
952;Playstation 5;PlayStation 5 + 2 controllers + Headset + Game(s);US$200;https://www.facebook.com/marketplace/item/1504988374133790/?ref=search&referral_code=null&referral_story_type=post&tracking=browse_serp%3A507e14ac-c778-42d7-9483-34ef581f173f&__tn__=!%3AD;https://shopee.com.br/search?keyword=PlayStation%205%20+%202%20controllers%20+%20Headset%20+%20Game(s);Playstation 5
952;Smartwatch amoled;Smart watch;"US$60
US$100";https://www.facebook.com/marketplace/item/1245322717457507/?ref=search&referral_code=null&referral_story_type=post&tracking=browse_serp%3A40957e6c-c122-49a9-8c1b-751ef7b5e50f&__tn__=!%3AD;https://shopee.com.br/search?keyword=Smart%20watch;Smartwatch amoled
952;Creatina;Premier Protein 35 serv Vanilla;"US$50
US$55";https://www.facebook.com/marketplace/item/2198553807234251/?ref=search&referral_code=null&referral_story_type=post&tracking=browse_serp%3A8317c2e1-50e0-4cf2-8a07-f9a9e5dec437&__tn__=!%3AD;https://shopee.com.br/search?keyword=Premier%20Protein%2035%20serv%20Vanilla;Creatina
952;Monitor 4k;Dell 43in 4K Monitor U4320Q;"US$450
US$500";https://www.facebook.com/marketplace/item/1273788598274330/?ref=search&referral_code=null&referral_story_type=post&tracking=browse_serp%3A764b163f-6bf6-4f8c-ad9f-5e45651790df&__tn__=!%3AD;https://shopee.com.br/search?keyword=Dell%2043in%204K%20Monitor%20U4320Q;Monitor 4k
951;Air fryer;Air Fryer - New in Box;US$30;https://www.facebook.com/marketplace/item/1222237213124369/?ref=search&referral_code=null&referral_story_type=post&tracking=browse_serp%3Ab9845548-c428-4280-9e68-1b7a7c0bb2e3&__tn__=!%3AD;https://shopee.com.br/search?keyword=Air%20Fryer%20-%20New%20in%20Box;Air fryer
951;Perfume árabe;Delina Exclusif Parfum brand new;US$350;https://www.facebook.com/marketplace/item/4264491017202947/?ref=search&referral_code=null&referral_story_type=post&tracking=browse_serp%3A172ec94d-57e8-4a33-b80a-8826a0698cdc&__tn__=!%3AD;https://shopee.com.br/search?keyword=Delina%20Exclusif%20Parfum%20brand%20new;Perfume árabe
951;Cafeteira nespresso;NEW Nespresso Vertuo Pop+ Coffee and Espresso Machine in Pacific Blue;US$85;https://www.facebook.com/marketplace/item/2726249217722752/?ref=search&referral_code=null&referral_story_type=post&tracking=browse_serp%3A1766764e-d307-4529-b349-813521246ef5&__tn__=!%3AD;https://shopee.com.br/search?keyword=NEW%20Nespresso%20Vertuo%20Pop+%20Coffee%20and%20Espresso%20Machine%20in%20Pacific%20Blue;Cafeteira nespresso
951;Smartwatch amoled;With it smartwatch;US$30;https://www.facebook.com/marketplace/item/1409464437632231/?ref=search&referral_code=null&referral_story_type=post&tracking=browse_serp%3A40957e6c-c122-49a9-8c1b-751ef7b5e50f&__tn__=!%3AD;https://shopee.com.br/search?keyword=With%20it%20smartwatch;Smartwatch amoled
951;Monitor 4k;ROG Shift 360hz, high performance monitor;"US$400
US$425";https://www.facebook.com/marketplace/item/1377872956923444/?ref=search&referral_code=null&referral_story_type=post&tracking=browse_serp%3A764b163f-6bf6-4f8c-ad9f-5e45651790df&__tn__=!%3AD;https://shopee.com.br/search?keyword=ROG%20Shift%20360hz,%20high%20performance%20monitor;Monitor 4k
951;Creatina;San Francisco, CA;Gratuito;https://www.facebook.com/marketplace/item/882651367638108/?ref=search&referral_code=null&referral_story_type=post&tracking=browse_serp%3A8317c2e1-50e0-4cf2-8a07-f9a9e5dec437&__tn__=!%3AD;https://shopee.com.br/search?keyword=San%20Francisco,%20CA;Creatina
951;Whey protein;Legion whey protein;US$35;https://www.facebook.com/marketplace/item/1245637030584166/?ref=search&referral_code=null&referral_story_type=post&tracking=browse_serp%3A4e944566-3941-48c0-b254-9cdac29dc612&__tn__=!%3AD;https://shopee.com.br/search?keyword=Legion%20whey%20protein;Whey protein
951;Playstation 5;PlayStation 5 PS5 W91N-13;US$103;https://www.facebook.com/marketplace/item/1446858500780762/?ref=search&referral_code=null&referral_story_type=post&tracking=browse_serp%3A507e14ac-c778-42d7-9483-34ef581f173f&__tn__=!%3AD;https://shopee.com.br/search?keyword=PlayStation%205%20PS5%20W91N-13;Playstation 5
950;Playstation 5;Sony Playstation 5;US$210;https://www.facebook.com/marketplace/item/826149953805024/?ref=search&referral_code=null&referral_story_type=post&tracking=browse_serp%3A507e14ac-c778-42d7-9483-34ef581f173f&__tn__=!%3AD;https://shopee.com.br/search?keyword=Sony%20Playstation%205;Playstation 5
950;Whey protein;Astroflav ISO mix whey protein;US$25;https://www.facebook.com/marketplace/item/1164775239104105/?ref=search&referral_code=null&referral_story_type=post&tracking=browse_serp%3A4e944566-3941-48c0-b254-9cdac29dc612&__tn__=!%3AD;https://shopee.com.br/search?keyword=Astroflav%20ISO%20mix%20whey%20protein;Whey protein
950;Creatina;CREATINE POWER MICRONIZED;US$11;https://www.facebook.com/marketplace/item/1287584416524521/?ref=search&referral_code=null&referral_story_type=post&tracking=browse_serp%3A8317c2e1-50e0-4cf2-8a07-f9a9e5dec437&__tn__=!%3AD;https://shopee.com.br/search?keyword=CREATINE%20POWER%20MICRONIZED;Creatina
950;Perfume árabe;Colognes & Perfumes (Men and Woman);US$60;https://www.facebook.com/marketplace/item/845564418455349/?ref=search&referral_code=null&referral_story_type=post&tracking=browse_serp%3A172ec94d-57e8-4a33-b80a-8826a0698cdc&__tn__=!%3AD;https://shopee.com.br/search?keyword=Colognes%20&%20Perfumes%20(Men%20and%20Woman);Perfume árabe
950;Air fryer;Ninja Air Fryer;"US$60
US$65";https://www.facebook.com/marketplace/item/1550338502886476/?ref=search&referral_code=null&referral_story_type=post&tracking=browse_serp%3Ab9845548-c428-4280-9e68-1b7a7c0bb2e3&__tn__=!%3AD;https://shopee.com.br/search?keyword=Ninja%20Air%20Fryer;Air fryer
950;Smartwatch amoled;Android smart watch;US$30;https://www.facebook.com/marketplace/item/761792103115783/?ref=search&referral_code=null&referral_story_type=post&tracking=browse_serp%3A40957e6c-c122-49a9-8c1b-751ef7b5e50f&__tn__=!%3AD;https://shopee.com.br/search?keyword=Android%20smart%20watch;Smartwatch amoled
950;Cafeteira nespresso;Breville barista touch impress brand new;US$1.100;https://www.facebook.com/marketplace/item/1988077552137971/?ref=search&referral_code=null&referral_story_type=post&tracking=browse_serp%3A1766764e-d307-4529-b349-813521246ef5&__tn__=!%3AD;https://shopee.com.br/search?keyword=Breville%20barista%20touch%20impress%20brand%20new;Cafeteira nespresso
949;Perfume árabe;YSL Y Eau de Parfum 100ml;"US$65
US$115";https://www.facebook.com/marketplace/item/1403318044003858/?ref=search&referral_code=null&referral_story_type=post&tracking=browse_serp%3A172ec94d-57e8-4a33-b80a-8826a0698cdc&__tn__=!%3AD;https://shopee.com.br/search?keyword=YSL%20Y%20Eau%20de%20Parfum%20100ml;Perfume árabe
949;Air fryer;Santa Rosa, CA;US$10;https://www.facebook.com/marketplace/item/1826507661402539/?ref=search&referral_code=null&referral_story_type=post&tracking=browse_serp%3Ab9845548-c428-4280-9e68-1b7a7c0bb2e3&__tn__=!%3AD;https://shopee.com.br/search?keyword=Santa%20Rosa,%20CA;Air fryer
949;Cafeteira nespresso;De’Longhi Magnifica XS – Fully Automatic Espresso & Cappuccino Machine;US$250;https://www.facebook.com/marketplace/item/1375496870569591/?ref=search&referral_code=null&referral_story_type=post&tracking=browse_serp%3A1766764e-d307-4529-b349-813521246ef5&__tn__=!%3AD;https://shopee.com.br/search?keyword=De’Longhi%20Magnifica%20XS%20–%20Fully%20Automatic%20Espresso%20&%20Cappuccino%20Machine;Cafeteira nespresso
949;Smartwatch amoled;ITECH fusion 3 smart watch;US$25;https://www.facebook.com/marketplace/item/907908461621075/?ref=search&referral_code=null&referral_story_type=post&tracking=browse_serp%3A40957e6c-c122-49a9-8c1b-751ef7b5e50f&__tn__=!%3AD;https://shopee.com.br/search?keyword=ITECH%20fusion%203%20smart%20watch;Smartwatch amoled
949;Creatina;CREATINE HCL ELECTROLYTES;US$20;https://www.facebook.com/marketplace/item/717822961172684/?ref=search&referral_code=null&referral_story_type=post&tracking=browse_serp%3A8317c2e1-50e0-4cf2-8a07-f9a9e5dec437&__tn__=!%3AD;https://shopee.com.br/search?keyword=CREATINE%20HCL%20ELECTROLYTES;Creatina
949;Whey protein;Quest Hot & Spicy Low Carb Protein Chips (20 1.1 oz bags);US$30;https://www.facebook.com/marketplace/item/1325123372988538/?ref=search&referral_code=null&referral_story_type=post&tracking=browse_serp%3A4e944566-3941-48c0-b254-9cdac29dc612&__tn__=!%3AD;https://shopee.com.br/search?keyword=Quest%20Hot%20&%20Spicy%20Low%20Carb%20Protein%20Chips%20(20%201.1%20oz%20bags);Whey protein
949;Playstation 5;PlayStation 5 Digital Edition 30th anniversary edition SH27-H6;US$103;https://www.facebook.com/marketplace/item/904938875277357/?ref=search&referral_code=null&referral_story_type=post&tracking=browse_serp%3A507e14ac-c778-42d7-9483-34ef581f173f&__tn__=!%3AD;https://shopee.com.br/search?keyword=PlayStation%205%20Digital%20Edition%2030th%20anniversary%20edition%20SH27-H6;Playstation 5
948;Playstation 5;PlayStation 5 console;US$150;https://www.facebook.com/marketplace/item/1195759652665971/?ref=search&referral_code=null&referral_story_type=post&tracking=browse_serp%3A507e14ac-c778-42d7-9483-34ef581f173f&__tn__=!%3AD;https://shopee.com.br/search?keyword=PlayStation%205%20console;Playstation 5
948;Creatina;CREATINE CITRULLINE;US$20;https://www.facebook.com/marketplace/item/3696705027129801/?ref=search&referral_code=null&referral_story_type=post&tracking=browse_serp%3A8317c2e1-50e0-4cf2-8a07-f9a9e5dec437&__tn__=!%3AD;https://shopee.com.br/search?keyword=CREATINE%20CITRULLINE;Creatina
948;Cafeteira nespresso;Espresso/nespresso coffee pods brand new;US$35;https://www.facebook.com/marketplace/item/3177191405915680/?ref=search&referral_code=null&referral_story_type=post&tracking=browse_serp%3A1766764e-d307-4529-b349-813521246ef5&__tn__=!%3AD;https://shopee.com.br/search?keyword=Espresso/nespresso%20coffee%20pods%20brand%20new;Cafeteira nespresso
948;Perfume árabe;Concord, CA;US$50;https://www.facebook.com/marketplace/item/875221065286858/?ref=search&referral_code=null&referral_story_type=post&tracking=browse_serp%3A172ec94d-57e8-4a33-b80a-8826a0698cdc&__tn__=!%3AD;https://shopee.com.br/search?keyword=Concord,%20CA;Perfume árabe
948;Air fryer;NEXTGRADE Gourmia 7 qt Digital Air Fryer;US$40;https://www.facebook.com/marketplace/item/1887728148525821/?ref=search&referral_code=null&referral_story_type=post&tracking=browse_serp%3Ab9845548-c428-4280-9e68-1b7a7c0bb2e3&__tn__=!%3AD;https://shopee.com.br/search?keyword=NEXTGRADE%20Gourmia%207%20qt%20Digital%20Air%20Fryer;Air fryer
948;Smartwatch amoled;Smart Watch (Chalvh brand);US$20;https://www.facebook.com/marketplace/item/895460643017926/?ref=search&referral_code=null&referral_story_type=post&tracking=browse_serp%3A40957e6c-c122-49a9-8c1b-751ef7b5e50f&__tn__=!%3AD;https://shopee.com.br/search?keyword=Smart%20Watch%20(Chalvh%20brand);Smartwatch amoled
948;Whey protein;Protein powder;US$40;https://www.facebook.com/marketplace/item/2653956138323709/?ref=search&referral_code=null&referral_story_type=post&tracking=browse_serp%3A4e944566-3941-48c0-b254-9cdac29dc612&__tn__=!%3AD;https://shopee.com.br/search?keyword=Protein%20powder;Whey protein
947;Creatina;CREATINE POWER;US$25;https://www.facebook.com/marketplace/item/2251138698745791/?ref=search&referral_code=null&referral_story_type=post&tracking=browse_serp%3A8317c2e1-50e0-4cf2-8a07-f9a9e5dec437&__tn__=!%3AD;https://shopee.com.br/search?keyword=CREATINE%20POWER;Creatina
947;Perfume árabe;Rabanne 1 million Parfum 100ml;US$60;https://www.facebook.com/marketplace/item/1087334070189710/?ref=search&referral_code=null&referral_story_type=post&tracking=browse_serp%3A172ec94d-57e8-4a33-b80a-8826a0698cdc&__tn__=!%3AD;https://shopee.com.br/search?keyword=Rabanne%201%20million%20Parfum%20100ml;Perfume árabe
947;Cafeteira nespresso;Nespresso Vertuo Pop+ Coffee Maker & Espresso Machiene;US$60;https://www.facebook.com/marketplace/item/2411950615910821/?ref=search&referral_code=null&referral_story_type=post&tracking=browse_serp%3A1766764e-d307-4529-b349-813521246ef5&__tn__=!%3AD;https://shopee.com.br/search?keyword=Nespresso%20Vertuo%20Pop+%20Coffee%20Maker%20&%20Espresso%20Machiene;Cafeteira nespresso
947;Playstation 5;PlayStation 5 Digital Edition WK9Q-Q7;US$103;https://www.facebook.com/marketplace/item/1610909566759564/?ref=search&referral_code=null&referral_story_type=post&tracking=browse_serp%3A507e14ac-c778-42d7-9483-34ef581f173f&__tn__=!%3AD;https://shopee.com.br/search?keyword=PlayStation%205%20Digital%20Edition%20WK9Q-Q7;Playstation 5
946;Perfume árabe;Emporio Armani stronger with you intensely 100ml;US$70;https://www.facebook.com/marketplace/item/1574546670260352/?ref=search&referral_code=null&referral_story_type=post&tracking=browse_serp%3A172ec94d-57e8-4a33-b80a-8826a0698cdc&__tn__=!%3AD;https://shopee.com.br/search?keyword=Emporio%20Armani%20stronger%20with%20you%20intensely%20100ml;Perfume árabe
946;Playstation 5;PlayStation 5 digital;US$275;https://www.facebook.com/marketplace/item/682451478272068/?ref=search&referral_code=null&referral_story_type=post&tracking=browse_serp%3A507e14ac-c778-42d7-9483-34ef581f173f&__tn__=!%3AD;https://shopee.com.br/search?keyword=PlayStation%205%20digital;Playstation 5
945;Perfume árabe;chanel No 5 new perfume 100ml;US$100;https://www.facebook.com/marketplace/item/1851591802897704/?ref=search&referral_code=null&referral_story_type=post&tracking=browse_serp%3A172ec94d-57e8-4a33-b80a-8826a0698cdc&__tn__=!%3AD;https://shopee.com.br/search?keyword=chanel%20No%205%20new%20perfume%20100ml;Perfume árabe
